DaysToRequest,tail_coeffs,tail_coeffs_std
0,147.70034735887515,10.69485533123927
1,72.80856080197995,6.744026192064052
2,49.30257528396807,5.164180527743342
3,37.029844755235594,3.9851315936304026
4,30.334031012565408,3.308477043294465
5,25.683272068525007,2.851528688694233
6,21.414633456756242,2.3002017052393358
7,18.05842552356379,1.9311145860883547
8,15.8622989788316,1.6752709852156435
9,14.366657340696097,1.471915386062209
10,13.220237896063958,1.3442432498685757
11,12.32605250529978,1.2420938130936132
12,11.501082101902892,1.1570431407895296
13,10.578335353523974,1.0474789698694995
14,9.678669169187003,0.9428721074072397
15,9.030300868241886,0.8683310974675559
16,8.549936517986836,0.8087793960407444
17,8.14854520927521,0.7590622578093796
18,7.814153746340635,0.7206282185886919
19,7.505627687148016,0.6929198983602786
20,7.14031987149194,0.6496453986425534
21,6.7618628900472135,0.6004704104806667
22,6.47207152158259,0.5718185002472225
23,6.2465898517196425,0.543892829223963
24,6.052736089713714,0.5192000058171456
25,5.887233686021696,0.4991086966801673
26,5.7324383570528346,0.4811337780899867
27,5.547878533725354,0.4594804264658846
28,5.347766120505909,0.4336903622669706
29,5.190264302680181,0.4170373557824892
30,5.063161698857928,0.40105344372449026
31,4.952675006578074,0.38904584954838267
32,4.857358637020135,0.37761398099022825
33,4.765166840077326,0.36793106676905035
34,4.648115444603151,0.35581643786735173
35,4.515110651933063,0.34051811068716714
36,4.403122504476772,0.327788580825268
37,4.311111163240421,0.31755456385799385
38,4.226278567783296,0.30850631914344856
39,4.145424923505544,0.3012634642757515
40,4.063902052250832,0.2936720635805825
41,3.9630347253851235,0.28345129050935297
42,3.851233340067396,0.2716015841792419
43,3.7607685425280764,0.2619946678239106
44,3.689687573218164,0.2539102130197198
45,3.6251069146010435,0.24818936182352339
46,3.567748033875907,0.24160578203192515
47,3.5106989436841496,0.2361367225691617
48,3.4406540733435507,0.22894649287300364
49,3.3618562547610886,0.22129474340271296
50,3.296864745252825,0.21497426436038883
51,3.2440269031964455,0.20827360133088438
52,3.1960653318817114,0.20314273000748276
53,3.15437614748393,0.19904170412920982
54,3.1134348529066345,0.19568543822325069
55,3.063202702924589,0.1906113857521091
56,3.005450219951309,0.1849839308475962
57,2.9569549846282426,0.1794720614296156
58,2.9178514253427617,0.1753696200002818
59,2.8820038805634285,0.17178536440447323
60,2.850218891776751,0.16865020870469855
61,2.8189678432842915,0.16599043237844807
62,2.779839417220427,0.16206093170258096
63,2.734255412238749,0.15733182818669494
64,2.6964929904339106,0.15405955108595337
65,2.6656693794692616,0.15031811410246385
66,2.6376373247391136,0.14754468096149484
67,2.6127290672731167,0.14566555776237866
68,2.5883366307999465,0.1437077559948597
69,2.557685703687241,0.14106267446769316
70,2.521943666339437,0.13708568638315696
71,2.491724419371156,0.13374198008148774
72,2.467286657818753,0.130918158341344
73,2.4451661965536298,0.12894070945511563
74,2.425297404972828,0.12753242508184282
75,2.405409155798183,0.1260138829642683
76,2.380192566614703,0.1235434130527505
77,2.351013168350439,0.12076957235631477
78,2.326126645965209,0.1183846288587757
79,2.3062051209414856,0.11592257538966354
80,2.2874514206284475,0.11424640365999685
81,2.2705671953475473,0.11294725317392708
82,2.253762363723803,0.11153456690314827
83,2.2326954274499795,0.10988005119477726
84,2.207713767536422,0.10724551335464076
85,2.186500813944238,0.1050191196314576
86,2.169094561232873,0.10300188748321422
87,2.15326827492473,0.10148084789009797
88,2.1387545802409043,0.1002007989942771
89,2.1242314185122875,0.09897005382832606
90,2.1058334690479406,0.0971031595517988
91,2.083948133436369,0.09486768762313125
92,2.0650661188265813,0.0927890238720852
93,2.0499112655253873,0.09138778590988764
94,2.036094982189622,0.09029241204387557
95,2.0234132664135642,0.08941178328128967
96,2.010498256401783,0.08857629700585185
97,1.9943102393868366,0.08699764847651692
98,1.9752563599944541,0.08519013074053276
99,1.9586177243580387,0.08341464163600755
100,1.9451317935110155,0.08200810382611633
101,1.93263363296763,0.08108472627571704
102,1.9213644594266697,0.08012123879299171
103,1.909785562073397,0.0791581794131342
104,1.895037752201734,0.07810373502018715
105,1.8776608410875373,0.07658776896207362
106,1.8629180946002422,0.0753900798423014
107,1.8506764693995454,0.0741405927748087
108,1.8395362682883483,0.0730172921518954
109,1.8293715563742843,0.07221994596044048
110,1.818980060287379,0.07165260852971819
111,1.805457285108806,0.07062026876957296
112,1.7897065946095967,0.06916836830069521
113,1.7760919417611631,0.06784374397948448
114,1.7647609793473193,0.06662014781735007
115,1.7542575806728962,0.0658865315331499
116,1.7448378764034576,0.06515276177302831
117,1.7351332769723058,0.06457157322946672
118,1.7226936799739954,0.0635748664440401
119,1.7077799236275628,0.06217947909190751
120,1.694817236911661,0.0611558111393268
121,1.6839284852582737,0.06017508801790022
122,1.6737288734308682,0.059397632632283155
123,1.664574697268625,0.058702420104892225
124,1.6552519079490307,0.058100178450084666
125,1.6433722021380661,0.05719919889886179
126,1.6291476604898119,0.05617120351586543
127,1.6170244873812103,0.05520115832501578
128,1.6069320140286536,0.05437148745643563
129,1.5976947646980393,0.053675507716705304
130,1.5893249139749521,0.05312777491975722
131,1.580754594082018,0.05258319761800928
132,1.5695543596201542,0.051861964851217635
133,1.556285850210761,0.05090397242924974
134,1.545003897576337,0.04990785099965515
135,1.535511356934894,0.04896778128596075
136,1.526675475397746,0.048341648616793007
137,1.5187082964062466,0.047769774705205
138,1.5104784412089052,0.047263160541776185
139,1.499609147212855,0.04650796299464559
140,1.4867870417773463,0.04548826290071351
141,1.475757903430591,0.044542185625693335
142,1.4666706744015052,0.04380685306636982
143,1.4580349242415178,0.04322770768076776
144,1.450156878021589,0.04279854369964342
145,1.4421654162845132,0.04235769972178235
146,1.4316747105318388,0.041814090879728975
147,1.4190069740656903,0.04086092943401031
148,1.4082582634867888,0.03979433083553545
149,1.3992716973460244,0.03892798131716796
150,1.3909505215354498,0.038290149439594516
151,1.3833068357617992,0.03792104179576127
152,1.3753857557021458,0.037462779489025946
153,1.3652421043382854,0.036903500512626905
154,1.353251715695044,0.036037597745695656
155,1.3429734629446124,0.03503409434798644
156,1.334457350245773,0.03414280384044678
157,1.3265429043197927,0.03363210484263129
158,1.3191894958364494,0.03315845218997256
159,1.3116049526077749,0.03273556983788066
160,1.301687212645578,0.03213988821909181
161,1.2901042792105568,0.031146501215153617
162,1.2802858273525464,0.030342755654799075
163,1.2720524481172848,0.029521282394737815
164,1.26435106097042,0.02885201290814618
165,1.2573041550817918,0.028472623156064986
166,1.250056467485453,0.027993393062598973
167,1.2406558065288866,0.027347956860553493
168,1.2292126871635118,0.026339267392153465
169,1.2195096542184392,0.025356235751962972
170,1.2114230570804352,0.024454812491100437
171,1.2038135289229241,0.02386487717595115
172,1.1968582903686737,0.023419785096330813
173,1.1895746353456758,0.02302566814501851
174,1.1799178190946709,0.022329750069956945
175,1.1685180190935232,0.021151449438872066
176,1.1587060312950437,0.020161862962082513
177,1.1507123725945945,0.019360468054196986
178,1.143178275252137,0.018658917833876135
179,1.136728876409998,0.018117006066217325
180,1.131103761483868,0.017664366590118594
181,1.1253158546820607,0.01720677621635651
182,1.1204883809966428,0.01661261654303023
183,1.1177915437563586,0.01627519568085254
184,1.1162357483579062,0.016034399384373937
185,1.1149178798011203,0.01588344401805206
186,1.1138222592417453,0.015754031872547657
187,1.1127023625800885,0.015643333465010383
188,1.1113243870120333,0.015529566738706133
189,1.10983725559162,0.015368463803034171
190,1.1086282796542435,0.015214152378514631
191,1.1076905786797626,0.015125900743842485
192,1.1068183730534,0.015051332235105876
193,1.1060490589864198,0.014963993213454416
194,1.1052859544372553,0.014893790077313918
195,1.104300889225923,0.014819234615890962
196,1.1031993585699513,0.014679150545016945
197,1.1022731253517684,0.014577753205041845
198,1.1015302935173867,0.01448215232315007
199,1.1008890297592686,0.014396832679227761
200,1.1003016300771105,0.014354079463706586
201,1.0997237159251836,0.01429136239002509
202,1.098956042090102,0.014226397750106937
203,1.098066178115936,0.01412019530492121
204,1.0973267371056192,0.014066479284511107
205,1.0967482987869728,0.014002729323202064
206,1.0961944423918335,0.013960842357245555
207,1.0957164582340078,0.013914197488904509
208,1.0952280571522046,0.0138588535785274
209,1.0946040419130303,0.013816379419627977
210,1.0938620653066464,0.013722996119561476
211,1.0932348740190103,0.013680372714034262
212,1.092743590927951,0.013613399159292262
213,1.0923003856067965,0.013575702389160529
214,1.0918926849642703,0.013519963796596908
215,1.0914942851620022,0.013493611736674285
216,1.0909710586348964,0.013425710469721686
217,1.0903544982930042,0.013363068284426263
218,1.0898280051428022,0.013296522285451123
219,1.089395952212189,0.013221270579831019
220,1.0890212031225859,0.01317333705292099
221,1.088681849251476,0.0131316859922287
222,1.088336684335555,0.013106441107492643
223,1.087859905301421,0.013061458584158943
224,1.0873428361090234,0.013023723918259676
225,1.0869012160545244,0.012976216018214222
226,1.086541659193077,0.012920347522943191
227,1.0862057661318552,0.012886766601634778
228,1.0858999465756174,0.012864369162729792
229,1.0855942939064522,0.01284201651447758
230,1.085193179607375,0.012798783938019054
231,1.0847144275312726,0.012747498603151018
232,1.0843355615621122,0.012702697674992373
233,1.0840070508153359,0.012661039061841458
234,1.083701902762734,0.01261846997517623
235,1.0834428801566043,0.012607683050376581
236,1.0831693298931961,0.012585443033005595
237,1.0828153308240398,0.012576227288329954
238,1.0823733666374284,0.012498913414348075
239,1.0820098400539122,0.012470856292727596
240,1.08169543176813,0.012423411731975026
241,1.0814385493749756,0.01239246901969879
242,1.0811950693239356,0.012365515491751033
243,1.0809486291526251,0.012346590551956103
244,1.0806210872014774,0.012329834924797691
245,1.080241532084266,0.012286018284273097
246,1.0799176390091505,0.012246480698408405
247,1.0796582482672776,0.01220987057639409
248,1.0794250551961606,0.01218510216844281
249,1.079199191458109,0.012171930663401944
250,1.0789826862961136,0.012160375308152028
251,1.0786726352856097,0.012134871878305947
252,1.0783121220442535,0.012093283412497996
253,1.0780148715401052,0.01203271910269629
254,1.0777610564517137,0.01200106517254812
255,1.0775296004863213,0.011970727509008707
256,1.0772979743418625,0.011946854428142575
257,1.0770676088311766,0.011935322096485167
258,1.076784171045467,0.011917321197004366
259,1.0764490663528297,0.01188986060948144
260,1.0761805632623827,0.01187718357479763
261,1.0759423554282566,0.011847498619696766
262,1.0757268655604313,0.011809730374017653
263,1.0755191514212228,0.011783615411835674
264,1.0753168004501283,0.011776491408460845
265,1.0750511660695476,0.011757762621514498
266,1.0747394210615684,0.011736923827966022
267,1.074473793075765,0.011711149440649547
268,1.0742412282824505,0.011677367415986585
269,1.0740494027837912,0.0116464027499334
270,1.073866039842801,0.01162625023371571
271,1.0736768080697552,0.011608489518487855
272,1.073435582252566,0.01159857149371656
273,1.07313107734605,0.011566356482669371
274,1.0728877185061627,0.011545580654759477
275,1.072667641521586,0.011514136767034684
276,1.0724818852289935,0.011464242471220246
277,1.072312091884943,0.011450053454280825
278,1.072144034450823,0.011426988785412541
279,1.071901241690822,0.011389294425504069
280,1.071611184677424,0.011361819572906336
281,1.071387296968955,0.011331302212264143
282,1.0711989652859462,0.011310539260846872
283,1.0710281767862175,0.011292817359685695
284,1.0708727586847668,0.011275303045882284
285,1.0707085620801653,0.011264232706031482
286,1.0705009505255063,0.011244625457186543
287,1.0702606809935709,0.011198113335352916
288,1.0700446697823651,0.01115890495080571
289,1.069858225936038,0.01112221463724215
290,1.0696987344232853,0.011111317928769016
291,1.0695588446569375,0.01110017283824039
292,1.0693959301797242,0.011096053454228757
293,1.0691920012803917,0.011073849023637694
294,1.068935459463639,0.011061633603681773
295,1.0687280307468972,0.011037635413354
296,1.0685563665275404,0.011017291576945332
297,1.0683947427756106,0.01100199778425622
298,1.0682565678986844,0.010982562782724714
299,1.0681171338952116,0.010967530631443007
300,1.0679190468021813,0.01094194620089511
301,1.0676918985240613,0.01093257307618412
302,1.067487206233642,0.010911803225992571
303,1.0673277274340873,0.01087980021036682
304,1.0671720442565555,0.01086386735862134
305,1.0670329446440157,0.010851526254988073
306,1.0668923297375528,0.01083236681291402
307,1.0667004921246122,0.01081646258938151
308,1.0664721231425787,0.010786088965546297
309,1.066290373602034,0.01076654325400123
310,1.0661263664254927,0.010726537968302795
311,1.065985993353119,0.01072206818776194
312,1.0658596789799875,0.01070767223302844
313,1.065728012053679,0.01069493311582802
314,1.0655490885107954,0.010684672784501956
315,1.0653393640866855,0.010653684908998906
316,1.065154681430227,0.01062108842917839
317,1.065000428152922,0.010605346697594945
318,1.0648600106465298,0.010598110368903992
319,1.0647453760433159,0.010594437078137823
320,1.064612020538903,0.010589754612014305
321,1.0644370642858316,0.010588548147710678
322,1.064227069659113,0.010567878059509029
323,1.0640619352012233,0.010551573096615249
324,1.0639084435898638,0.010530324698793775
325,1.0637755266814668,0.010510862222440825
326,1.0636561120779693,0.010514706099508117
327,1.0635434838054874,0.010518694892695966
328,1.0633833284539993,0.010520574695618345
329,1.063183151982274,0.010506846937685908
330,1.0630075983403269,0.010490716929381128
331,1.0628782369257608,0.0104906853487974
332,1.062740498446679,0.01046690702927283
333,1.062636803579251,0.010451889966767568
334,1.0625044378088153,0.010440647604319746
335,1.0623410387327676,0.010431366989469518
336,1.0621522464439095,0.010423836281599846
337,1.061993059957214,0.010411196461467922
338,1.0618564388640266,0.010393422139517198
339,1.0617315098961737,0.01037642964630958
340,1.0616326370403453,0.010364675206497313
341,1.0615266130960026,0.0103515439035881
342,1.0613643801570913,0.010333544483153205
343,1.0611757896250666,0.010309411034294882
344,1.0610133983524237,0.010283739785635179
345,1.0608853508789362,0.01027110242554343
346,1.0607638315996726,0.010251565639456301
347,1.060653097316725,0.01023352393227056
348,1.0605339828332219,0.010221400970035259
349,1.0603882481086613,0.010218869688791167
350,1.0602136532611541,0.010198863419874141
351,1.0600616381755759,0.010183408186418235
352,1.059941397768724,0.010170523416765893
353,1.0598260321417556,0.010167845187506665
354,1.0597260124716144,0.010156952049306724
355,1.0596144989069671,0.01015667732428218
356,1.0594755931568463,0.010149674882189704
357,1.0592972532294858,0.010133142263261348
358,1.0591592935721195,0.010125666471490661
359,1.0590315971488917,0.010106811469464813
360,1.0589172035109713,0.010093785367172255
361,1.0588147373628662,0.010093514383921998
362,1.0587044082864305,0.010095878810415014
363,1.0585628227118555,0.01008428836286347
364,1.058402359064377,0.010075156998634573
365,1.0582627940540874,0.010059431637242282
366,1.0581407692530305,0.01004875202671873
367,1.0580377445122273,0.010036453738949694
368,1.057943158775451,0.01003243596407527
369,1.057846598298543,0.010029094743582817
370,1.0577167166466679,0.010019934303948494
371,1.0575566164098291,0.010012602584853434
372,1.0574327698189545,0.01000058472347526
373,1.0573202705536544,0.009985990261049814
374,1.0572190901687666,0.009975583289109751
375,1.0571369484452575,0.009963773580573557
376,1.0570442398211182,0.009968812366166667
377,1.0569248812596856,0.009962407643183686
378,1.0567790884518484,0.009949955879013322
379,1.0566691755500337,0.009941185586249917
380,1.0565749905335984,0.00994026388167998
381,1.0564833979214516,0.009925170008139424
382,1.0564041380436326,0.009916339799930753
383,1.0563271851640643,0.009928497279255434
384,1.0562196915959787,0.00993146138933295
385,1.0560924537235257,0.009914157411327685
386,1.0559847940165974,0.009910411502489756
387,1.055892568693836,0.009899921458972501
388,1.0558056932212048,0.009896058158332204
389,1.0557324897325036,0.009892957025291561
390,1.055647837218993,0.009878246814170709
391,1.0555466071838562,0.009866479080135453
392,1.0554187513988995,0.00984462724832329
393,1.0553193246787236,0.009855257966951763
394,1.0552280531510747,0.009835075247801384
395,1.055146292141965,0.009825977951112817
396,1.0550711949515348,0.009817874492503674
397,1.0549931096141278,0.00980857001006165
398,1.054883659871812,0.009802760548978422
399,1.0547594126960171,0.009795287425640323
400,1.05464482053153,0.00978533440000527
401,1.054548187182305,0.009776041802746386
402,1.0544650475919046,0.009767593162578985
403,1.054386499698079,0.0097687225545605
404,1.0543101662344396,0.00976368114895194
405,1.0542144693526654,0.009755664528362625
406,1.05409968525119,0.009751261233461867
407,1.054003208695277,0.009744721379141348
408,1.0539231224135257,0.00973771597890702
409,1.053847174064599,0.009730387355786081
410,1.0537836976023636,0.009728067015027528
411,1.0537134248550621,0.009718318018934536
412,1.0536161850141537,0.009709276608092753
413,1.0534949896345096,0.009697379990296889
414,1.0533806232160723,0.009673892382479383
415,1.0533010749539966,0.009666017215201161
416,1.0532236904150267,0.00966366753633081
417,1.053154633735538,0.00965951911979516
418,1.0530790492571427,0.009651747562577103
419,1.0529807392270656,0.009644888714594891
420,1.0528590934651603,0.009644355360144904
421,1.0527585954818655,0.009642136046240226
422,1.0526812871717486,0.009628334894728833
423,1.0526104878312135,0.009621261450438923
424,1.0525518298035152,0.009615929955189397
425,1.0524797000580777,0.009607165661463071
426,1.0523839507657162,0.009610875852661642
427,1.0522714846638483,0.009603495045812186
428,1.0521795463270311,0.009587973627579726
429,1.0521062010676434,0.00958314243569662
430,1.052036130631454,0.00957652896848633
431,1.051970958571919,0.009574287511989998
432,1.0519003743283226,0.009562718714569585
433,1.0518038780595291,0.009546788116381526
434,1.0516959472953082,0.009531902841820698
435,1.0516046935799879,0.009521346805606156
436,1.0515234292812548,0.009503648112612582
437,1.0514497368297915,0.00949808968980439
438,1.0513911855487335,0.009494478381754193
439,1.0513301453355237,0.009487021479292533
440,1.0512413421539792,0.009474284373488387
441,1.051142599331285,0.009462501898105751
442,1.0510598090226975,0.009452469145046721
443,1.0509836125937297,0.009450620229287585
444,1.0509114459201867,0.009442893728048117
445,1.0508555668903592,0.009432335764730822
446,1.0507950567253208,0.009438042745006613
447,1.050714638179524,0.009421469750508267
448,1.0506108933482776,0.009418774037990818
449,1.0505304538241294,0.009417150945429912
450,1.0504587798639742,0.009417940215696384
451,1.0503990534322263,0.009415518964142916
452,1.0503424617089994,0.009399659299645821
453,1.0502723242932046,0.009396545367307454
454,1.050191017735394,0.00938723079598842
455,1.0500953109041404,0.009377615836530507
456,1.050007667922497,0.009376705696532482
457,1.049935216663711,0.00937114671162954
458,1.049874969788781,0.009358849919729427
459,1.049815804731977,0.009351902747369169
460,1.0497513658647453,0.009344138923875431
461,1.04967481201804,0.009337581214953102
462,1.0495795927469065,0.009332096073773537
463,1.0494910493375198,0.009324946111857423
464,1.0494196676107297,0.00931208452717341
465,1.0493558768297637,0.009311095550191174
466,1.0493011617186487,0.00930659787497896
467,1.0492470223378967,0.009301975107331138
468,1.0491640006347516,0.009284953507063737
469,1.049066651891972,0.009273134332798414
470,1.0489826571634884,0.009258989111990875
471,1.048920491076213,0.009255010937409651
472,1.0488587704710632,0.009247350116929353
473,1.0488115264314628,0.00924638475100466
474,1.0487525432600286,0.009242687090795858
475,1.048677517517034,0.009231391088610118
476,1.048589674142931,0.009231998873075582
477,1.0485022164339857,0.009221430296987621
478,1.0484365383774323,0.00921506757684053
479,1.048374061316734,0.009209800780697821
480,1.0483177646223725,0.009214166257939608
481,1.0482588647635391,0.009211659097887981
482,1.0481862209090351,0.00920465147118052
483,1.0480981720152407,0.009195670718765588
484,1.0480215697512048,0.009190924425150243
485,1.0479668158613056,0.009186659496706676
486,1.0479053165677947,0.0091855862850315
487,1.047851974991399,0.0091859869735129
488,1.0477982888226125,0.009183483774424961
489,1.0477299649596663,0.009186342722185317
490,1.0476410985347129,0.009185225854694543
491,1.047562167088667,0.009180320743498565
492,1.0475001776336559,0.009172570297103532
493,1.0474376285884708,0.009168533370032643
494,1.047385469344627,0.00916164999803635
495,1.0473291376402443,0.009149742311046124
496,1.0472560752464353,0.009144095260844308
497,1.0471668243088121,0.009136935793883744
498,1.0470900811047312,0.009121987090170454
499,1.0470299093766662,0.009106042609864608
500,1.0469709119653154,0.009099506669855682
501,1.0469248062256367,0.009098311184242158
502,1.0468759915933705,0.009092609519604907
503,1.0468066190221206,0.009102370365893986
504,1.0467253976428483,0.009091689535777221
505,1.0466523711384206,0.009080494303691388
506,1.0465977342150543,0.009080149714286143
507,1.0465454846731106,0.009076967461343954
508,1.0464986949846753,0.009071735746692879
509,1.0464493515431892,0.009070009370816434
510,1.046379293717226,0.009066254294694792
511,1.0462951862847185,0.009048958185979655
512,1.0462242472532535,0.009045366462626854
513,1.0461646561927258,0.00903825357954112
514,1.0461125969688017,0.0090250840630111
515,1.046063983942203,0.009022301160352703
516,1.0460099557401326,0.00902042483268163
517,1.045940383591096,0.009023158562674423
518,1.0458620592899934,0.009012044796264544
519,1.0457953654475607,0.009009900800999657
520,1.045738318989788,0.009003919827808727
521,1.0456881774151685,0.008998303549086728
522,1.04564201400445,0.008988482416280434
523,1.0455923330532289,0.00898160992351213
524,1.045521453945464,0.008979615680292865
525,1.045432261122239,0.008975389565975942
526,1.0453717204817823,0.008973516637794632
527,1.0453190026361618,0.008963841462901162
528,1.045264457404043,0.008955166984014907
529,1.0452184426656514,0.008946858004715922
530,1.0451677883549082,0.008945988026560398
531,1.0451088369673733,0.008939944931095945
532,1.0450356135151715,0.008933867770411918
533,1.0449610761030592,0.008924922526184657
534,1.0449024307940682,0.008922619576041903
535,1.0448539184065937,0.008913987176682767
536,1.0448080021317616,0.00890466992116217
537,1.0447636022235058,0.008904672103203039
538,1.0447057580959271,0.008896220271489017
539,1.0446295171227913,0.008888842097118392
540,1.0445686404345438,0.008893037593824376
541,1.0445205873318129,0.008885683529533304
542,1.04447650668772,0.008883650879589733
543,1.0444365590067322,0.008876886773189464
544,1.0443942881134831,0.00887555683858046
545,1.0443273677538065,0.008869998444363847
546,1.0442567219545364,0.008861148050606123
547,1.0441922898634686,0.008860406894729105
548,1.0441437053442173,0.008859531815643428
549,1.0440945683227394,0.008858747776790297
550,1.044059635882416,0.008857412045303674
551,1.044008796688689,0.008862627147443502
552,1.0439544815432487,0.00886281793719225
553,1.0438794076746665,0.008857933965567596
554,1.0438169217707958,0.00884939959273038
555,1.043765104694284,0.008841162105193354
556,1.0437155134568976,0.008834927356646287
557,1.0436740484968967,0.008830426998277342
558,1.0436306199523393,0.00882456803893685
559,1.0435698710293773,0.008818893936638298
560,1.0435021379685536,0.008812439012869393
561,1.043443975816223,0.00881219904598278
562,1.0433990492668124,0.008808754210527913
563,1.043357070983458,0.008803704153054315
564,1.043316490770866,0.008801535357534163
565,1.0432734424444672,0.008791892022330512
566,1.04321153425085,0.008788274539345359
567,1.0431388987389734,0.008789487684008624
568,1.0430717545740513,0.00878828212168052
569,1.0430249071458004,0.008777580940121765
570,1.0429784411406597,0.008776847613698157
571,1.0429393506986024,0.008771978364042875
572,1.0428989717532395,0.00876720730324123
573,1.042836718755173,0.008758735761709149
574,1.0427723584390802,0.008755549222500445
575,1.042709414178916,0.008738324792491103
576,1.0426577238191417,0.008730842371156844
577,1.0426143244755868,0.008724739606034692
578,1.042579625007557,0.008721320210302084
579,1.0425368170108062,0.008717072479075884
580,1.0424763225427554,0.008711557150744878
581,1.042415810964239,0.008702461141563344
582,1.0423584890350472,0.008699401394153228
583,1.0423175101777478,0.008692819320445608
584,1.0422665853204969,0.008685489367132591
585,1.0422227010415712,0.008678437654769855
586,1.0421861888595771,0.00867968888028045
587,1.042126700151609,0.008677561412969312
588,1.0420646469222496,0.00866537519103403
589,1.042009554792333,0.008661407127193496
590,1.0419537493731021,0.008658248217688817
591,1.0419121818085455,0.008653897634763196
592,1.041876007585227,0.008644450824182451
593,1.0418383917472283,0.008644487702274564
594,1.0417837581786906,0.008641284472035627
595,1.041718482798985,0.008636173667760405
596,1.0416667979397156,0.008637702643055396
597,1.0416195826396806,0.008629123262714727
598,1.0415724466279244,0.008631373901660494
599,1.0415355219834452,0.008629980019218097
600,1.041490527990404,0.00863739368869302
601,1.0414376829196055,0.008629396316729238
602,1.0413727808589672,0.008619567827601928
603,1.0413255977316358,0.008618645861239208
604,1.0412814700569153,0.008614612968749474
605,1.0412434792204504,0.008610838612984903
606,1.041209289375047,0.008607446905652629
607,1.0411668912893175,0.008603168700538724
608,1.0411205434718251,0.008598750188407932
609,1.0410581101019847,0.008597886175901067
610,1.041000995127852,0.008594629568063464
611,1.0409563627551173,0.008588909369550788
612,1.0409101993968004,0.008582502014885024
613,1.0408717618113883,0.008580361605002211
614,1.0408332689398718,0.008579133184837722
615,1.040782549908926,0.008575496449125076
616,1.0407186147728047,0.008567172005326185
617,1.0406663532769136,0.00855360870717494
618,1.0406229382545287,0.008555938628891896
619,1.040578396339312,0.008553932415115017
620,1.040540658412132,0.008548953761505553
621,1.0405029319875274,0.008549254591258939
622,1.0404474253474674,0.008544837517903444
623,1.040395554286001,0.00854817038154361
624,1.040341237547072,0.00854350065067691
625,1.0402966435974201,0.008537276518764035
626,1.040258171279634,0.00853618193707375
627,1.040222763633453,0.00852970064175876
628,1.0401881466251146,0.00853275549843938
629,1.040131590894371,0.008526543507671416
630,1.0400717188173556,0.008522112436380172
631,1.040019110950528,0.008517740678021942
632,1.0399819137096782,0.008509686168580773
633,1.0399467877860027,0.008503542024471818
634,1.0399073489503714,0.008498232068593549
635,1.039870307241161,0.008499560832159239
636,1.0398135658827432,0.008502630610543975
637,1.0397548313054048,0.008489762698446656
638,1.0397017317773556,0.008479229126540035
639,1.0396569058501721,0.008475382648841562
640,1.0396211777908264,0.008471086338747975
641,1.0395861416610954,0.008465165743540023
642,1.0395472789839775,0.008465837322242207
643,1.0394976647734544,0.00845900596120981
644,1.039436817140488,0.00844776160956379
645,1.0393843178919027,0.008438962635990076
646,1.0393458664434225,0.00843887164877764
647,1.0393084551853382,0.008435664469350243
648,1.0392769104700015,0.008435235901237074
649,1.0392424214963827,0.0084334936142233
650,1.0391932274519327,0.008429825028956252
651,1.039133699550402,0.008426804638417796
652,1.0390858245345291,0.008424372507041488
653,1.0390452732732696,0.008420500070692007
654,1.0390090623915997,0.008412264008095442
655,1.0389768919553468,0.008413939332123263
656,1.038939212924612,0.0084088005355048
657,1.038890173488843,0.00840574008764443
658,1.0388367813184407,0.00840087144725663
659,1.0387818449868818,0.00839100349419027
660,1.0387379401539012,0.008384294004957491
661,1.0387052092363955,0.00837726092182057
662,1.0386740596147945,0.00837724895564308
663,1.0386392723430355,0.008373899205871919
664,1.038586882415116,0.00836954551724018
665,1.0385267796765505,0.00836073193119116
666,1.038470192165621,0.008353289436845168
667,1.0384297665236413,0.008346755115636472
668,1.0383970940059437,0.008344221774866798
669,1.0383615547580938,0.008333234965830261
670,1.0383265959337449,0.008334318005090007
671,1.0382768788429237,0.008328561105531042
672,1.038219143780895,0.008321993015839817
673,1.038170763587631,0.008320778259158106
674,1.0381293128361926,0.008318417668967893
675,1.0380942138737772,0.00831653628371759
676,1.038059781251375,0.008308483928124317
677,1.038030897025811,0.008309187156996583
678,1.0379891001413821,0.00830505925704332
679,1.0379354833421839,0.008305396571809402
680,1.0378854161022564,0.008295604697963805
681,1.0378535524363668,0.008289609477054009
682,1.037818768014836,0.008282914502722585
683,1.0377882567400687,0.00827555916551579
684,1.0377536596053356,0.008273034857934701
685,1.037703737353514,0.00826823445377309
686,1.0376515858988562,0.008257504480801555
687,1.0376017139804783,0.008253548561655753
688,1.0375617882899795,0.008245893851220265
689,1.037529192519439,0.008243082232772347
690,1.0374993846584062,0.008234928943438103
691,1.0374666236678216,0.00822854960587529
692,1.0374198008327828,0.008222222870159477
693,1.0373658442669975,0.008212149782003133
694,1.0373212504261473,0.008214442833375971
695,1.0372756261235203,0.008210497217600355
696,1.0372365932391863,0.008209929203634898
697,1.0372010986740146,0.008206070633298736
698,1.0371654234017285,0.00820537170025027
699,1.0371185821296445,0.008203652746841442
700,1.0370699338698985,0.008204057295116514
701,1.0370273375377073,0.008199643303552794
702,1.0369909310678076,0.008197805173214891
703,1.0369568161963347,0.00819020866484032
704,1.036931618175219,0.008185123957701037
705,1.0368963098097637,0.00818120753831599
706,1.0368509681543958,0.00818226424606329
707,1.0367910005257726,0.008186186577836147
708,1.0367419329701808,0.008184022782240539
709,1.0367088739829045,0.008187162409918623
710,1.0366781186983154,0.008188633193309027
711,1.0366468074276152,0.008183624461692006
712,1.0366127048903515,0.008184250628638912
713,1.036575980344398,0.008183242833357723
714,1.0365266387183347,0.008171140136441974
715,1.0364794440824094,0.008161832801369772
716,1.0364422733480663,0.008155351999504472
717,1.0364102596088658,0.008153383016899296
718,1.036378972943011,0.008147848237456099
719,1.0363415167504746,0.008143998006704343
720,1.0362955429363927,0.008131376843572147
721,1.0362404191127668,0.008126328732378018
722,1.036195287840516,0.008125383207331874
723,1.036158416230014,0.00811952049686314
724,1.036122673301184,0.008120900749281816
725,1.0360900859247792,0.008119046355861264
726,1.0360572071068366,0.00811452759869847
727,1.036016771370916,0.008114905229044733
728,1.0359661501136181,0.008108691595303813
729,1.035914008614236,0.00809439523126108
730,1.0358790131172024,0.008096280487557634
731,1.0358411300853643,0.00809232648063777
732,1.0358111484502004,0.008091123989850329
733,1.0357761000746804,0.008087021893201577
734,1.035730289093453,0.008084410819448567
735,1.0356783474754503,0.008084197653600918
736,1.0356366706800646,0.008077698667563762
737,1.0355996389267454,0.00807607390026888
738,1.03556236628325,0.008073629810201172
739,1.0355309729342443,0.008069808010791204
740,1.0355008320100407,0.008067783250903751
741,1.0354501827852445,0.008063252187023006
742,1.0354069855884933,0.008063703068495668
743,1.0353608922634343,0.008061770538905635
744,1.0353200514295513,0.008061077540956117
745,1.0352877833926246,0.008058371808978447
746,1.0352586949222622,0.00804873483631756
747,1.03522909366113,0.008048061461766924
748,1.0351864346423594,0.008049913241355565
749,1.0351339419315873,0.008041658438945672
750,1.0350922393115596,0.008033538143421795
751,1.0350584221718522,0.008029116614073815
752,1.035026339305705,0.008030480423903984
753,1.034997472861933,0.008031356252089979
754,1.0349665320500194,0.008030301938299638
755,1.0349269065342686,0.008028989592000818
756,1.0348760584315488,0.008024568105989975
757,1.03483507124777,0.00802267661751961
758,1.0348026683507658,0.008016158713622304
759,1.0347698946763626,0.00801300946595328
760,1.0347415574567629,0.00801055794070302
761,1.0347144944370168,0.008005070663105289
762,1.03466853274301,0.008000257453725658
763,1.0346195998952805,0.007992613714240593
764,1.0345778273209711,0.007987249032322242
765,1.0345406968181894,0.007979995652915045
766,1.0345101258533762,0.007976687920004843
767,1.034485421323687,0.007971148224052982
768,1.0344574926403651,0.007973253317606548
769,1.0344139217721584,0.007972996759261679
770,1.0343661999861602,0.007968211678296503
771,1.0343163679318759,0.007956804183229534
772,1.0342822277779724,0.007953337618785762
773,1.0342550910864226,0.007948394443370472
774,1.0342289342610038,0.00794767155611177
775,1.034198666545043,0.00794541751894099
776,1.034161478684691,0.00794354663694483
777,1.0341147862956241,0.007940294808971843
778,1.0340732579353642,0.007939395467269147
779,1.0340415205615667,0.00794085485824726
780,1.0340158723674429,0.00793165835638389
781,1.033988349644212,0.007933054094937166
782,1.0339574973488277,0.00793443451422929
783,1.033922849651745,0.007935940020957613
784,1.0338737836882461,0.007942860190428678
785,1.0338315766879738,0.007939716650357873
786,1.0337935220915484,0.007935285115832134
787,1.0337588790506045,0.007933901463270764
788,1.033734755910784,0.007929072949876858
789,1.033703281545183,0.0079243393665667
790,1.0336677173188324,0.00792260420468472
791,1.0336247470813569,0.007915528968096695
792,1.0335807314346535,0.00790776208737663
793,1.0335459787120502,0.007900539235506885
794,1.033514323638283,0.00789787302761947
795,1.033482469737479,0.007901755440603325
796,1.0334514752482715,0.007902628517650445
797,1.0334107657395548,0.00789956223431497
798,1.0333624160088328,0.007888866544512095
799,1.0333248242324875,0.007892555462303162
800,1.0332971095517272,0.007893425045775764
801,1.0332701548063266,0.007887923032797986
802,1.0332447309947108,0.0078820253145096
803,1.0332147526514617,0.007885544599618054
804,1.0331728482368665,0.00788450973602726
805,1.0331301846512138,0.007880483848545655
806,1.0330930651077055,0.00787985010232624
807,1.0330668211439975,0.007881235082990467
808,1.0330399552912655,0.007883423635445686
809,1.0330107143573675,0.007883167634363964
810,1.0329810926305383,0.007883999111063637
811,1.0329418385624822,0.007880722917812593
812,1.032894715412494,0.007881035104517068
813,1.0328505579384188,0.0078778439121618
814,1.0328187077234996,0.007874804940309241
815,1.032790801779065,0.007874940516268742
816,1.0327659696705997,0.00787065096466126
817,1.0327399335800733,0.007866831938091052
818,1.032702475343445,0.007865706025237762
819,1.032652565190239,0.00786933915396557
820,1.0326085099317395,0.007867960920569073
821,1.0325747445105404,0.007866353501509599
822,1.0325458558645775,0.007869270779580368
823,1.0325183362280552,0.007868493302078913
824,1.0324808848947018,0.00787453585567295
825,1.0324421206743049,0.007868007401528872
826,1.0323937996796348,0.00786773968815002
827,1.0323587506342757,0.007858638162170365
828,1.0323304581215955,0.007859790025258025
829,1.032303637446481,0.007861685859832214
830,1.032274295893965,0.007862701749352333
831,1.032246654716726,0.007867134698553543
832,1.0322082633810863,0.007868068387604572
833,1.0321690655594256,0.007866393372630195
834,1.0321312699835423,0.007866493716445724
835,1.0321024332789213,0.007861966876488472
836,1.0320698435971098,0.007858819379456615
837,1.0320446615667684,0.007856712751419073
838,1.032018132618758,0.00785556939531814
839,1.0319808208127585,0.007852098567654895
840,1.0319344689497574,0.007852642487662341
841,1.0319023855392797,0.007850769197027185
842,1.031871461796832,0.00784403757060207
843,1.0318411922713544,0.007840359910945706
844,1.0318133175578261,0.007840596673474757
845,1.0317858361964882,0.007838338524506772
846,1.0317555763113417,0.007843357772263054
847,1.0317051130025252,0.007833850988400436
848,1.0316741670533651,0.007829953770925777
849,1.031639014337426,0.007828237434302984
850,1.0316123881162742,0.007825598004356145
851,1.0315889982007178,0.007825040666645557
852,1.0315601385390545,0.007819342570763497
853,1.0315171809449075,0.00781264092176469
854,1.031476390981492,0.007816210012932194
855,1.031441698463272,0.007812328634657697
856,1.0314095941272807,0.007813758161414741
857,1.0313816720493838,0.0078121625192865704
858,1.0313560518350016,0.007815690228128285
859,1.031329259922932,0.007813559571450909
860,1.0312901272966584,0.007813112781490003
861,1.0312467677891246,0.007807550463919389
862,1.031210237339837,0.007808321597366567
863,1.0311825448010552,0.007805792818492776
864,1.0311533174137975,0.007803023251930013
865,1.031129961131088,0.00780205150621448
866,1.03110134350583,0.007801543670879502
867,1.031062674113486,0.007796378868531851
868,1.0310171545516327,0.0077979587994968635
869,1.030985712635887,0.007793712651549081
870,1.030954979658849,0.007788899571521005
871,1.0309274602829355,0.007789605572713016
872,1.0309040533996776,0.0077882683592695135
873,1.0308775206596645,0.007788969413337035
874,1.030842263670418,0.007787855847993734
875,1.0308023319025528,0.007787080131870678
876,1.030768356199016,0.007788731736149607
877,1.0307390996440482,0.007788232166693609
878,1.0307091226571006,0.007782064291889664
879,1.0306841349985043,0.0077800672960531055
880,1.0306534494086712,0.007780648991971475
881,1.030623742935557,0.00778053990439359
882,1.0305789475365528,0.007784696332302808
883,1.0305447978602627,0.0077825080882574635
884,1.0305168535691354,0.007780523092304024
885,1.030491806565172,0.0077825972086425005
886,1.0304656754028811,0.007778150817176909
887,1.0304382934403353,0.007774802187530447
888,1.030401672651411,0.007780374950070486
889,1.0303625437528594,0.007776813940960223
890,1.0303324331261425,0.007776194531960166
891,1.0303004736623464,0.00777544566162323
892,1.0302745575091277,0.007779948116460898
893,1.030250742942934,0.007779546617498602
894,1.0302208782767053,0.007784454538221613
895,1.0301887833805068,0.007787812670113611
896,1.0301479306469294,0.007782238202697535
897,1.0301116650101576,0.007778718686758108
898,1.0300825170100385,0.0077750301416937995
899,1.0300585203663044,0.007774575632057882
900,1.0300332416718578,0.0077783746914847325
901,1.0300098081780906,0.007780428120273313
902,1.0299740227867276,0.007776428647382814
903,1.0299354567712222,0.007775351539938192
904,1.0298992395437676,0.007772057950547198
905,1.0298720396099232,0.007774384610002042
906,1.0298454752676929,0.007774213747233187
907,1.029820160867774,0.007771472239363337
908,1.0297942837588034,0.007761737685575518
909,1.0297607091546785,0.007758424057158914
910,1.0297244574292967,0.007754581147556304
911,1.0296902936304828,0.007750925469852805
912,1.0296639551746765,0.007750003672669192
913,1.0296401856936281,0.0077495913811903615
914,1.029618542106379,0.007747804753923917
915,1.0295921641301782,0.007746368757382946
916,1.029558505774847,0.007748166202731318
917,1.0295181430316487,0.007747656216647044
918,1.0294812864309513,0.0077460782438513
919,1.0294521785948498,0.007747704152805394
920,1.029426875556911,0.007747903204194556
921,1.029406935958,0.007746899165181597
922,1.0293845059106457,0.007743959031324294
923,1.0293520909720901,0.007741457251104018
924,1.0293126890705264,0.0077385025536966055
925,1.0292778677348537,0.007742046945818556
926,1.0292485675596024,0.007744356757830414
927,1.029225729044588,0.007743329053987134
928,1.0292024284131274,0.007741952615188056
929,1.0291805918383405,0.007740941927649156
930,1.0291460661351182,0.007745024980354354
931,1.0291013091616308,0.007750886601007861
932,1.0290702249857222,0.007746774680414313
933,1.0290427953878278,0.007743577901882113
934,1.0290147492756596,0.007737938094102598
935,1.02899385130033,0.007737947616948721
936,1.028973803637038,0.007736407187663101
937,1.028942050376671,0.007732222290536247
938,1.0288975193682213,0.007728897757143212
939,1.0288608541919437,0.007723382624112464
940,1.0288292545164839,0.007717772915280991
941,1.0288027368905504,0.007718657016111094
942,1.0287780897813454,0.007715049766992488
943,1.0287536495951042,0.0077151462180989235
944,1.0287196495717927,0.007718008658759962
945,1.0286820976081998,0.0077162961077576545
946,1.0286500245490642,0.007716131148155506
947,1.0286199889574767,0.007711978903971734
948,1.0285941304467583,0.007711487049934928
949,1.0285695913521882,0.007712280598308588
950,1.0285449487332265,0.007714479556266438
951,1.0285093777317342,0.007714395427026248
952,1.0284682321133758,0.007710196619974524
953,1.0284352398693308,0.007708614866548755
954,1.028404530995391,0.007705595818938711
955,1.028377366243567,0.007706765160912463
956,1.0283596131269082,0.0077086910619390435
957,1.0283351719716602,0.007706196227430562
958,1.0283083125100703,0.0077044027232568675
959,1.0282593128201212,0.007702841346224433
960,1.0282197922368546,0.007706373659604508
961,1.028192316213263,0.007705949102940258
962,1.0281692135463536,0.007707829177070364
963,1.0281473653418494,0.007705672644980704
964,1.0281235170937713,0.007700682448731334
965,1.0280916015678616,0.0076999495979250985
966,1.0280527247781759,0.007700610687377684
967,1.0280215750693518,0.007701526218431226
968,1.0279942485417757,0.007703798376055694
969,1.0279667896769027,0.007702095732079565
970,1.0279460593605119,0.007703291151126745
971,1.0279197459790694,0.007701612529083555
972,1.027887808626027,0.007702440144573292
973,1.027851476312722,0.007696207939818877
974,1.0278232559011604,0.007695659723107313
975,1.0277900597712242,0.007690114112248701
976,1.0277637958491814,0.007694492077040608
977,1.0277446826891992,0.007694117889257131
978,1.027719986649643,0.007697388870780266
979,1.0276892650417613,0.007702959312576116
980,1.0276453495578088,0.0076945466488210846
981,1.0276158051295143,0.007694582839374872
982,1.0275851824955362,0.007696826396912822
983,1.0275572159910635,0.007690573012495627
984,1.0275358208463765,0.007687116625152748
985,1.0275141206712202,0.007683967621649593
986,1.0274778397845055,0.007680607061447787
987,1.0274337112871201,0.007681410452896131
988,1.0274071949226704,0.0076849010545094985
989,1.0273816594832843,0.007687659414955299
990,1.0273568828320647,0.007688886110233248
991,1.0273349288777467,0.007688971335783354
992,1.027312161893971,0.007687645718053477
993,1.0272818904539043,0.007686714589617661
994,1.0272452958158034,0.007687364191283255
995,1.027216358764603,0.0076890281764928235
996,1.0271903297135645,0.007687173497363051
997,1.0271680008962272,0.0076897886875121925
998,1.027145664719507,0.007689309259729832
999,1.0271184767118675,0.0076884245346786045
1000,1.027085414349588,0.007687098373526923
1001,1.0270502978715086,0.007680019207571
1002,1.0270170009996409,0.007674338393051094
1003,1.0269912914945332,0.00767306533270192
1004,1.0269630389619357,0.007679588342545965
1005,1.0269433943570296,0.007677427512367949
1006,1.0269195421779584,0.007681282517664668
1007,1.0268859221561084,0.0076832397026959705
1008,1.0268466015042264,0.007686882682536455
1009,1.0268094766448725,0.007684123541997144
1010,1.0267816578320406,0.007684035954076387
1011,1.026755416009203,0.007681836090651513
1012,1.0267363468624748,0.007678669180685104
1013,1.0267139968852854,0.00767473309873844
1014,1.0266787120115997,0.007676217942119624
1015,1.0266461004091862,0.007679121153695874
1016,1.026612353039028,0.00767956576056483
1017,1.0265858579721845,0.0076787129663552795
1018,1.0265608914832405,0.007678722775072919
1019,1.0265398567204558,0.007678291500319915
1020,1.026518045922886,0.007675303961005039
1021,1.0264816349784347,0.0076767758483159134
1022,1.0264428029720256,0.007673860053127533
1023,1.0264092155168008,0.007675368808893614
1024,1.026381492245643,0.007673351179059025
1025,1.0263590971041485,0.007674130340135754
1026,1.0263374984163707,0.007677380585464114
1027,1.0263160797200812,0.007677990379349566
1028,1.0262827494923323,0.007679686915845823
1029,1.0262481670264152,0.0076815425020672744
1030,1.0262171252663794,0.007682386552091161
1031,1.0261909886557357,0.007677348890047277
1032,1.0261675201086262,0.00767681362104766
1033,1.026145061376798,0.007670504814406444
1034,1.0261240488600023,0.007668907928420432
1035,1.026087981434997,0.007673410054320386
1036,1.0260455196367477,0.007679236660690816
1037,1.0260140057225422,0.007675848553665775
1038,1.0259856363937905,0.007678043647626478
1039,1.0259616797243283,0.007675432567171739
1040,1.0259424422938146,0.0076737198751556
1041,1.0259196394105377,0.007669619895467652
1042,1.0258895037759896,0.007669757516084772
1043,1.0258550978420535,0.007669269199976149
1044,1.0258248361765,0.007671957187517604
1045,1.0258006598501381,0.0076682796835409635
1046,1.0257751136254214,0.0076670044542420475
1047,1.0257495937379917,0.007669651849892959
1048,1.0257314831921627,0.007671555744214447
1049,1.0256961832009555,0.007671967654275656
1050,1.0256603011925989,0.007670958604665973
1051,1.0256299602167138,0.007671437059413221
1052,1.0256033347087758,0.007664985317228444
1053,1.0255828611360474,0.007660009443072103
1054,1.0255647349533221,0.007660555441311808
1055,1.0255438350163835,0.00766226698423447
1056,1.0255116323900875,0.0076579482965408435
1057,1.0254756842748425,0.007654483069585215
1058,1.0254449420376024,0.007651707811996881
1059,1.0254166417837638,0.007646352670052409
1060,1.0253919463411607,0.007647574682448727
1061,1.0253676466562651,0.007646184737690397
1062,1.0253456797212226,0.007648705809473534
1063,1.0253111549486895,0.0076447681807615886
1064,1.0252687153306508,0.007647715126992466
1065,1.025237214160589,0.0076451999210964145
1066,1.025208477506411,0.007644617524612593
1067,1.0251816011045431,0.007647742109105779
1068,1.0251576193774095,0.007648635373954064
1069,1.025131353274712,0.007650654636447414
1070,1.025100433323177,0.0076493782504145754
1071,1.0250611657132345,0.007645501294868316
1072,1.0250275731573804,0.0076466081556314895
1073,1.0249974007650753,0.007639696558500115
1074,1.0249677995736586,0.007640161782342835
1075,1.0249459396712461,0.007640594424000671
1076,1.0249225233441017,0.00764298069638437
1077,1.02488746654225,0.007643466736992806
1078,1.0248484076907327,0.0076455893266862505
1079,1.0248120323297913,0.007641597922280986
1080,1.0247810610885684,0.007643432852875972
1081,1.0247559582214378,0.007639461881431097
1082,1.0247299885567638,0.0076414801169524425
1083,1.0247026953517189,0.007635643593841174
1084,1.024667451299368,0.007635720069338922
1085,1.024627249234644,0.007632581142511419
1086,1.0245969135456534,0.007630772363484489
1087,1.0245729507826993,0.007629735499350513
1088,1.0245463920908775,0.007624696492338696
1089,1.0245221901925707,0.007619982235306359
1090,1.0245026711321858,0.007620006103326066
1091,1.0244675598601618,0.007620622993404166
1092,1.0244291841135522,0.007622316561614852
1093,1.0243950960219093,0.007620766121910174
1094,1.0243693718902547,0.007617928037723803
1095,1.0243414665442603,0.007613452561727863
