Year,Week,20,25,30,35,40,45,50,55,60
2014,1,66.65228818399329,79.85859931788264,73.11443628694133,78.16902906605304,64.96315848276181,74.11246089077358,82.71162329464038,76.12023779807623,76.6241426119841
2014,2,82.63535593982596,95.18630137791439,89.5019153354572,101.79425560909633,96.11162547229506,99.57126962291927,92.52334042366257,92.82318693250133,92.5805453503553
2014,3,76.22611100710883,80.9063515040052,91.61638506637293,101.9505246992322,99.24507008811449,94.87847915858313,97.62880867178481,94.00758512668118,90.3710523992401
2014,4,65.28735906517828,86.78740222998938,97.16445181209664,90.96259516390263,96.91733117161164,95.33187136943346,85.90676823538807,98.07809872842223,98.94263695867951
2014,5,69.91362933281054,73.98190418974056,86.39269822196643,94.18266996651523,87.06843912673264,90.14666585772127,96.93225840472984,99.71087234410653,96.21464404116176
2014,6,87.75008354340962,75.23501641099134,115.1683243234311,100.14130558917363,105.08938819762643,84.52838477744707,90.9043877321136,93.03176933089514,100.57282474855774
2014,7,83.38146217080076,102.00589879445701,118.68529740673519,93.99800708433139,103.99630647276385,94.20663576395583,98.65782595411017,99.02850077701063,88.56345422033536
2014,8,71.09257115924464,91.6148688488625,97.20327217297951,95.58238575705577,87.84299168648595,94.7511725989321,89.48362608482965,91.50565779919984,99.15506865765728
2014,9,76.95278984243032,69.05051184649436,99.21946127324765,95.9807653910573,97.58879777519984,80.79486046728167,95.13573254542433,94.05032857410171,96.6657772205428
2014,10,104.18383572844793,102.51410554514517,107.62622605576739,92.99033533256556,103.502721158979,90.39162668502148,90.96155356609476,105.33670347467717,102.3896231846925
2014,11,86.89736012309548,105.45973202144809,101.35093704190264,100.43134723713885,91.2588043822786,89.95288754024845,102.92160647277417,100.20038515321271,108.0281082160111
2014,12,83.88871776618191,78.26192770978052,92.78719887187383,96.79425604677438,104.06136401911871,97.50145955964325,91.45540557814293,102.22770551802543,94.9083966408093
2014,13,93.92847705530963,95.62588388760443,97.76963577735339,104.84532952861672,103.14090571313194,101.98206823346617,101.84178911642188,98.92360404795532,97.95513922757762
2014,14,84.4817532067184,95.8226703317309,97.23916738275409,104.83600592422992,103.71472537899034,100.92682031245674,98.56115349843836,100.92698289218109,98.2066804749087
2014,15,101.19275971981966,105.40644582260322,96.34947853905973,95.88771842957698,97.23102263233208,101.07891374068987,93.69942626133746,96.06023974468211,100.86609693549839
2014,16,103.68456505664825,100.90465263821254,96.64503042495755,104.4353383552328,98.85179670793015,96.9531049600739,97.53420346460308,98.26241653605267,99.57949322317089
2014,17,108.35181465563754,118.89273501435518,98.12406347187958,97.51533253787862,99.08873240928679,110.79902558755393,94.37099571415226,95.56859259659336,104.85994259919416
2014,18,110.67952613224918,110.89958685957069,104.27474490227726,101.12282677333073,93.99854184181366,104.05690076370146,96.66307466897676,90.76071347448318,99.707123381313
2014,19,112.89675114245115,111.14648091065655,108.24298427404125,107.48954034715162,98.75954480601253,94.53869302597047,103.8524601427498,98.52998179085833,98.0147841287396
2014,20,123.06797687759638,95.24594683449604,113.06657917353782,85.02689089478974,97.9492845177053,95.77021113702914,101.71373244510306,105.51584522451014,104.14915047605224
2014,21,113.98751036853669,108.96585044387692,118.86303512748128,104.43172255862984,112.5460758419208,99.26773582024924,94.68046105215005,101.79773721033936,100.09987944356318
2014,22,130.08965435764196,105.17158099678787,111.39004700130045,109.82368950579841,108.30298525828881,106.94880023131022,94.20803047012718,104.33211284184509,99.4774851058461
2014,23,103.91219022543463,129.37743095450435,112.71224683362479,98.95597881380837,101.36656030535356,99.84451580212354,88.75520353055963,102.930815899973,95.11373036524857
2014,24,101.1580259760028,90.67732160982013,105.41542779608038,107.2957370695444,99.79436954342775,102.71381932309731,91.9374905302899,100.1697638248093,109.98217396387015
2014,25,85.21682537811819,80.5688143655781,112.17654142544136,99.27708873980067,110.54320403652898,109.88645867296762,97.24350805444273,103.39030530282642,96.75143149157363
2014,26,103.97164623547688,128.67911309429516,108.1374198012476,104.0097209199551,92.67705479689936,102.87589080935007,98.7872906810752,94.22026952081677,107.57929410150291
2014,27,114.59251051743098,117.08170953232124,115.30466107206512,101.39934245692051,109.88891902219069,95.71617536618547,103.6822305157171,108.23323425212305,100.12626420200532
2014,28,128.87697424885835,96.09781485830003,113.8043374476432,112.17466417966921,98.77680038120658,103.86103086112293,107.92778400392189,95.50544389657922,101.72262965691165
2014,29,134.6189234177175,106.8510253774885,96.17382979196304,117.64764720412406,90.64188301340441,104.1431126777824,100.98572274955504,96.91435167166462,101.15837292767553
2014,30,109.30984081232855,112.8611922958356,113.5075492531151,98.46201869239768,100.04741039453135,98.10344017811461,103.31093458578697,101.33797112263319,100.51974952128381
2014,31,104.61852585302893,110.70120221670177,109.55152833509896,104.79485463401541,108.04088781435858,111.36598388146186,111.42644772276947,97.49102476375572,99.8508886719267
2014,32,107.58919108629263,120.21794470773648,111.771261133628,113.47883765429869,106.74565804838882,104.54485633894832,102.88050284087653,108.8137859501128,100.2792363913668
2014,33,108.07335560052289,107.82770545113063,116.72453110555185,114.53982407704328,100.80047346483185,105.47737359332802,107.53048018552161,101.93620284546536,104.14660801869711
2014,34,123.77648501873324,101.07582984716181,107.84644659128236,110.89651158191135,108.62278082374812,108.52406305922693,115.51458554443055,94.64566396317213,96.34924667149417
2014,35,133.90910096398784,93.26646643082739,93.98551551322595,100.00054628001568,103.57315229280846,105.96578018599068,98.19307763726036,100.05278582505488,100.89349815724535
2014,36,103.8512341909074,108.59207752111747,110.32846527859294,110.41224733919559,98.49671730149132,106.20816431013264,98.48098723665291,92.38864439963473,100.21904930479519
2014,37,103.50564305697176,109.90478069288139,107.60505432458625,111.22542293673368,110.65452445047126,103.09312686655679,107.02482594510496,101.48062205062531,102.54243808531989
2014,38,110.19151627725843,98.09540565776793,102.98205980560039,103.29847181355677,111.04806568351229,100.71009991534127,97.8923328505951,96.5736685314777,95.91814524986495
2014,39,126.97555603437607,101.35368010891786,101.63176799698499,105.68342063619231,111.63245961746384,99.6500425072589,105.0161840580155,99.40826943848175,107.20061143296971
2014,40,109.58505372657147,114.32076939371146,103.32346286608347,113.12915901184498,104.13648405549827,101.39523720159904,98.66684858997881,103.18141121066402,100.06728834508772
2014,41,118.17849766924971,112.16440605649115,111.92094578562475,113.90552273515941,100.23236411577419,104.59502343110051,92.53811479912608,100.3742670564802,101.68815985979552
2014,42,112.57776755356552,113.70871826233785,102.90359056459141,104.31648337628694,106.95634906525753,106.55657099767468,104.76428236971753,101.82831666493422,101.58278767934954
2014,43,98.69325971811695,99.95162277724982,115.15080289999385,111.19752892694441,100.33377495107551,106.7209314186918,96.91085607500737,99.9933722513322,103.86553415817082
2014,44,96.10350831576385,126.09375489832566,107.6399986941924,104.99544862752374,101.76794441807522,92.67776765004432,97.87279574558256,97.37646740728023,106.73774638275466
2014,45,84.95051806703898,90.89834872161077,118.54161978875892,114.71552070365576,100.37363264575774,101.67567918670184,102.97842616182334,92.49587907952042,95.94606127340536
2014,46,113.65562548171589,97.6862901219747,118.60703588667177,103.71542921894677,101.60111100186637,96.97987494881866,94.40104085778765,96.182595975443,103.17144905042841
2014,47,83.93176104008043,114.98450532881725,103.07512769834295,103.66079838858366,109.17182740164124,93.50151595774344,94.18125860481376,101.29604254393301,96.15157700411473
2014,48,90.98944177998395,93.8286159821478,99.18605553431446,109.6857876829395,100.88160482770954,99.48015201131773,101.8882584863531,99.80269902581512,98.06719406283871
2014,49,89.17866932766523,102.50406944676409,112.19739250145324,107.62015253626413,105.45199389314968,105.14854068279934,101.38348112771587,96.26779913669641,99.74273074022922
2014,50,116.26387210841645,116.62990077461987,96.94949200900346,102.52552720190084,101.73486981347746,99.86391349572625,102.55993279037286,101.70832288965615,105.51417176093294
2014,51,98.285991854115,100.06874286891771,93.78134552758296,114.99319769119344,102.81979306406083,109.15690388788795,101.84755576421367,95.30788196941366,97.50699545151329
2014,52,85.51798620606837,91.94516180462361,102.51405657062847,111.97691785582779,95.09080033110962,102.05958062965938,96.57816343359448,100.78226140342043,109.15629216143915
2015,1,147.06380802059434,115.7250594842906,122.47475738616356,111.43422965616982,96.26426553528887,105.88357073644097,103.20340405468491,97.19067806648198,98.73539880717753
2015,2,119.2715192421693,100.62422334059471,95.72601286609299,112.77407363499812,107.34251856676795,103.466655485316,107.36605827942365,101.05459218987522,99.73308105607784
2015,3,92.5146219542162,120.44989650820625,113.8964538552266,127.98036769026717,109.55007718135066,96.69933137538459,107.5421743873633,102.29473334974352,102.76245406243576
2015,4,105.26851278385392,121.95230546738671,111.41427542366156,91.05391824254656,103.18649204567225,97.0612763072927,105.69836394372362,105.32371443024606,104.2610680518987
2015,5,81.86841451068663,110.89008008631166,91.08283364544032,103.50603442678978,103.84448994027676,110.49266014437724,107.29688548176269,99.39056669859615,100.02638257650362
2015,6,77.94168503331667,100.75817109034813,104.65480885092467,105.85027154565093,104.00083336967718,100.87325833646838,101.53807861484354,103.26376235127978,98.65203950928499
2015,7,106.70710752348643,108.98942672241554,97.34132622948769,104.9687781500617,94.45909537379079,104.20484814433844,102.61850693965222,101.71121511123167,105.26712277001235
2015,8,100.5377186394232,88.70530642232706,94.08276209792899,91.37578937668641,105.73280100718068,101.68087657909854,99.10514187261958,97.2741707473108,101.67407842469926
2015,9,90.31328882913452,102.0990754181407,111.29914917767113,100.5241071133597,102.61649992665897,99.48175003873233,107.7388692308203,101.33759890845799,98.2286322331053
2015,10,119.43386322751712,109.86706648068936,101.4022076699496,106.40259566039603,95.37572556587595,109.04414616484324,110.34867040240192,106.2258793535079,102.48177077270807
2015,11,111.5927661165049,124.64431178881227,130.38964513961108,98.57874522175932,125.87261007591732,111.65783570127081,100.36428842767941,94.57677354482543,98.83620963366192
2015,12,126.42248087627846,111.70790715597285,107.67965838565534,107.92141665188615,112.25935769483313,99.10959447221076,102.59381919981611,101.54013878144372,112.59750017502144
2015,13,99.98971263225607,89.09836142465586,108.93335216253872,99.25745289825267,84.33537153720896,95.40992101780165,101.76811782163102,102.4457867266296,109.57168418869696
2015,14,108.5468224954042,100.63125387368967,111.94755660714767,100.65250412559841,109.12761089868759,105.60188174274401,108.44350699723671,108.41886355034669,97.46788958396363
2015,15,110.81163100852167,92.38543937836046,103.18641248887288,100.51927382286061,91.30698546243016,114.51214642549115,94.41112937309568,107.15146034556389,97.86476641017467
2015,16,97.51433102055682,102.60129526817356,116.0407042339545,116.4684303361372,99.33390111520076,95.40322916751705,105.81529769712768,104.16006929440331,106.39318309296098
2015,17,99.86813688306594,103.66893241471884,106.44513915330596,92.84114796467232,102.51001519259523,102.61426362386435,103.25083192859313,111.02448202549309,104.44906716110094
2015,18,106.78514213873143,97.1031475098142,101.41980659741854,107.405782352258,99.90576450758397,91.6011280827628,103.37914809329133,104.25790861835722,98.4943852234071
2015,19,127.96466557481469,92.28003203019016,100.5189720784979,105.99835950082452,97.6552585741215,108.87774765670157,97.40018909840309,103.47565629431345,100.9756504011445
2015,20,86.59931084601446,117.40066734418109,91.67666443511314,104.6301959080363,103.45726006942971,100.55374345571934,101.86648448417424,105.3830419852368,100.1863444532869
2015,21,77.86822362736449,110.6191332920404,111.65517707989059,108.77855268250683,113.74220672423981,107.24912164028031,104.30818928835339,98.43619925995733,99.62799001725158
2015,22,118.55650421458105,93.37918524904313,105.7914445599766,111.16451285019946,115.26049115167008,97.60973984252786,99.58982504758326,92.71441949203697,95.89487342141946
2015,23,118.53204898964435,99.13336202041926,106.07274148008071,113.19542876664525,99.99396460953581,108.18991667724251,108.10264130250854,100.06811429685962,103.42023248138683
2015,24,97.94087237444703,113.05246007442247,108.06832196293385,93.61292296975584,107.74396224084661,101.24168289656382,110.68496105003179,99.55945641239039,100.85687971941984
2015,25,98.68717111121576,117.77147632960856,112.0023721655412,108.89188714903575,125.07132032362189,95.96013925595214,105.28289020948223,103.3574922422653,104.96232851173772
2015,26,105.77736560292017,101.01505496318883,105.05262622843135,113.45998949256766,116.5518437831187,98.18001111416443,100.85678380757388,100.59373139612073,93.64056685391353
2015,27,103.65583862678578,105.8509591400857,85.50285621383912,91.87059790607634,113.2613340773251,96.84728241016882,102.61737147115736,105.3227470401747,98.54958194390838
2015,28,94.02417174022783,103.45941250881359,105.64563187231097,94.38834912275868,91.05606456780933,99.57915039266324,97.75701334771098,102.6563440619631,106.46743797481267
2015,29,84.19692897960739,91.18641833955363,100.41132828915387,98.56049160726246,110.31350039789727,103.10372868050956,104.39666167223571,108.55562580594065,98.44968747561302
2015,30,70.61856361152454,108.41706944757259,96.70049060501927,107.18795901814997,98.16475908127447,112.69831853744796,100.56524737652994,94.07285173539235,103.10574066697149
2015,31,97.88129668454559,102.93915124820194,103.26810656234049,102.95629760625162,92.75350709195804,101.81162978533249,94.89557159116245,104.02407425522304,99.6190388063358
2015,32,100.31715657570663,114.53271681419182,100.4124241146453,108.29160336803805,101.1978397208021,102.49624730721855,104.78129409013623,104.98864589800196,104.37767271538796
2015,33,126.2235018680422,98.6889105868916,93.80676567849036,98.25016864355537,100.8838234953769,101.72508750071981,95.85273683080418,98.28035393797191,103.56628253024958
2015,34,95.20841650249695,99.74654055254464,98.70074957280023,93.94899858341677,96.82525475736001,109.38644786901195,100.4187530844841,102.58899955154503,99.76071328167717
2015,35,75.06689449820769,85.05023504165078,114.75344349780043,105.66097880051079,107.02895359824632,106.91119858572704,96.1198779755804,103.11540422043599,97.62372015202475
2015,36,110.4465002601132,88.98377969138616,95.59079239107206,117.46904974773523,93.15446213911663,96.50460620575394,106.33777927546662,103.348713516958,100.9576028221328
2015,37,66.45735842247295,90.87796365783824,93.4214441670904,89.02527214169308,96.81260243244985,97.98316626277777,101.52878997665921,97.83597569190475,101.39710656971755
2015,38,78.84013066342308,101.18192223125423,94.48174113738278,84.18752079277125,104.44299217664977,101.96706390933694,96.22708790698178,97.29803726130496,98.85148880059415
2015,39,84.56383157010212,103.8747172388417,100.14659063498766,103.98381101163542,98.07294180350105,97.66517572452851,94.6384623635248,99.31860065990459,101.00529968472303
2015,40,97.54767466352196,107.92627903283231,92.827528656406,99.45627621955326,88.29279643731684,104.25115848071877,97.01539653661968,97.41736930250528,96.58839449081538
2015,41,98.02724019779198,97.33484161610119,101.89145093639667,114.62134286481182,97.17742648522739,99.13391130799518,103.42018787841955,107.01197605015491,95.89433954260751
2015,42,93.27265984129136,89.03384615325675,100.78196575709141,104.96428543023497,100.27061155783915,99.9303089098641,100.9870463355651,100.71591113304062,104.81717654275144
2015,43,101.6938316101926,100.67727167931136,116.03784180974472,87.40493486211096,97.99204161456292,101.2196828242571,104.96744997746848,102.30065083290052,99.93243731405546
2015,44,107.34562196400772,83.89337465338448,85.46159644064049,106.59163536384632,96.54684612337763,92.22531603376376,93.66677319260663,99.95796203177336,95.08712743143157
2015,45,97.83861855561435,103.97161205705136,95.1900793143638,104.21870456267288,102.26847333788152,98.0091604529568,101.11413596914649,107.54712707553577,105.47477842353862
2015,46,106.28268085884243,85.59093012444781,100.08579318238206,104.15298989422412,102.84346307576212,91.90727364402483,104.4430242759494,103.13927959967589,101.4141291440811
2015,47,106.78374466769085,98.38542967030587,94.35666085955845,101.30455863532258,100.10536233419441,102.94208455974763,105.33660953261253,101.59562534087891,96.32757881244581
2015,48,111.25642573983745,99.6539506087724,104.61038807188991,96.10976039058615,95.46574720055827,103.77701202813472,98.70311603278671,97.80615736400817,103.25156787298812
2015,49,127.15375578375871,87.81770494251242,111.31422610999773,87.67171858064448,103.40116084546342,99.0078880871723,100.11414808205288,101.93553155968897,100.98581683232419
2015,50,74.8228762484817,84.18285489164478,97.99976175492368,96.82698532581384,85.71282853680043,98.30279618419546,105.05949270786144,98.53732101541637,96.64551386975842
2015,51,57.44313797822657,87.70708404539076,102.63336487471793,98.93827512081677,104.4338380868052,104.54011351639865,99.79492666923748,96.18677466343392,99.77587542568853
2015,52,90.38945830338555,103.33736520701098,88.64949300832745,95.06948863246203,99.99577686711987,102.49582119485561,92.32383900128357,106.5388570729562,95.1605763422059
2015,53,95.92879290290219,93.87375847949188,96.12127963581977,88.43936485797505,102.49815631443875,90.52444671792091,97.87862445187638,98.51546127578496,101.4043658602508
2016,1,79.71091103157072,117.23727549768618,83.77058408965668,107.93700865836733,110.44097850335189,97.53554311869442,102.40069231839699,97.36823713831184,99.14070217259642
2016,2,95.08123735315837,96.17449846885823,95.87784463914893,105.33278183261461,97.93185840131612,106.04968904035444,92.74798798378161,97.06575464630157,100.38344134771205
2016,3,141.19841252677108,120.43675576595798,90.51626019982477,93.70771113965046,98.7887474627524,100.34121186210334,105.69646100543441,102.09409812937713,102.33478319327914
2016,4,98.1030051808751,107.11354491649705,106.79580987157351,95.16447470993592,101.48757919486992,91.93598396803587,104.59653997274103,105.81268629672569,97.8479668732204
2016,5,118.1403551944789,93.31957715363819,117.98930265281369,95.59209312651573,108.70138016553928,106.40069750581173,97.37507456648501,101.55333450525366,105.75054519707005
2016,6,124.62352407807727,110.65928937475384,90.93513664692652,86.5562160668872,98.44343813436302,105.59655110109962,103.2000432799294,106.12510394437551,95.79382369301544
2016,7,104.22297815319463,95.32417121291316,107.73340214705298,106.30469356577802,102.84918886347711,91.86301104492837,95.79293177771771,100.11072685190506,106.02242923093108
2016,8,115.57843710753527,109.89286972620201,113.2611583173445,100.76933318822236,110.90465252826868,101.76288671048223,106.56601203867801,97.4150904357741,98.71180475899541
2016,9,94.16173012597167,102.97506184436304,95.86965131462631,112.6360128770101,112.42485858597146,105.12634829186179,113.39735052817245,98.08675464650184,102.26732457588876
2016,10,97.43620387557353,81.59509118297844,114.36642065485532,105.12727352851343,111.30735134955236,92.37491014504748,96.695173671923,97.62417568723205,98.75420629807124
2016,11,105.25752484402831,89.94958160146209,92.62250529613752,100.89715697353596,106.93542061790984,105.74523283961913,103.34578872875623,106.5899113250798,95.91969394452587
2016,12,92.95029428222753,94.66923194056301,93.5290877191878,103.129514702329,96.45577048570469,100.55378192319671,106.19464038872741,98.3710378874151,102.90415805781325
2016,13,127.69323543530761,113.29662625081498,107.45518219327917,97.52531688266775,112.86588975613299,104.52899355973493,104.55149533601953,107.69269988988492,100.18022490563634
2016,14,71.79530261135356,114.02897600606087,106.86548105236824,107.08727133090667,104.89826235117859,101.07424449334448,93.13223945070914,98.50031623296557,106.02557342529693
2016,15,131.46760939442166,100.52714410564927,105.13370950631979,101.21761552608875,106.615564667349,102.51872599561852,102.12406509932481,98.47646138523854,101.97107777162238
2016,16,124.84644149825456,94.75065522728329,92.9061621263878,90.17389787860623,99.78204968228206,94.99315917904151,96.19826823889002,101.05261630894056,97.59611268558294
2016,17,102.5255392488357,88.22019236301615,90.02887475714692,96.51147403942424,101.82902214258908,100.07588798604141,97.33186624803145,105.89506279980958,97.25173429989341
2016,18,110.71131406494392,100.19387265391013,124.40268462444008,106.76048860847544,106.29356887393308,108.21413166850331,103.3139298907044,101.58230537108075,100.99673083147616
2016,19,80.62251659862532,95.77562104750531,90.30911170836197,98.14345405929792,119.25449903788576,96.00997542686692,96.26369556009921,96.28588212917262,102.95424145086274
2016,20,92.49524606569054,101.53926539442,93.69114777562059,104.10116205854737,90.34878486236806,99.88101423080919,105.48657127931291,96.35582728762007,100.06025671965173
2016,21,85.10217465780252,104.62597326334193,95.44132082789861,85.63297130054387,103.22879018693183,100.6426196841581,115.11500572761382,97.0473390139763,101.37118326920267
2016,22,92.33472302399554,101.31974545450926,100.51412449578596,84.26318962298139,96.89880256513842,104.16493936190803,99.18330150648124,110.84689256786939,104.42489425157586
2016,23,105.96007458733551,99.43141749591811,92.28839015932105,93.24893894266052,94.89579437613128,93.88278525111198,104.50837918817241,99.90143474679739,105.0146427672345
2016,24,88.51291544496885,102.32526104167474,111.01712970213174,97.84284283743312,114.495426253165,102.47690488632585,105.88098464474164,100.57450992079427,101.80595037730396
2016,25,128.10002259319793,92.2299881117467,94.0325266578463,94.95100885309002,102.65054706944434,100.04855798433698,110.39064426656921,110.26689446373084,103.55272334138891
2016,26,112.66705873724656,101.08420649565093,85.97834022505823,109.41363414455046,104.66082280169647,104.56336089776894,104.68658936827904,104.5544676437546,98.58175473883266
2016,27,87.16918455636218,105.70197245781875,105.80114220814511,94.22846835593162,87.27261417198442,96.09752307302894,98.16767244227627,93.40387153610297,98.16358135982188
2016,28,100.13570519334888,101.05609052078512,97.12454608931137,93.71899098045643,104.05926711511565,101.95169222455908,98.3742417370459,100.50365381342274,97.74125291237566
2016,29,64.78605109214188,106.93083428855424,110.20534411674106,94.87465977621041,99.81735733209294,101.04582307456438,92.49100080428761,99.77899048896268,106.07566786978299
2016,30,112.55319320557157,111.63151899072035,91.40593001798658,111.53798602137537,97.69921983679902,109.89839557897679,106.60759908892423,100.2968043215759,102.99321446413173
2016,31,149.11618557662626,109.53721335894046,97.79353784412751,109.16415696938739,103.66345853085765,96.70937439043789,102.2451539509564,103.17078169992146,105.21297958089613
2016,32,110.4514646957355,93.22855261102954,104.69629547575676,117.64769335187057,97.74697322690176,91.52451121375056,101.20140895714592,102.99296686719295,97.02544555155782
2016,33,79.15881017227548,90.55854284289735,99.97517148348979,97.78086738101268,99.931695595506,105.27596075844774,98.99716721524818,110.59073055943432,99.62704333420335
2016,34,78.19166843803337,85.19178575848821,106.20734831258585,101.25372616005914,91.9188916670071,103.42308175699071,98.54556595843401,101.36544756294055,101.09820024446027
2016,35,102.36914292037125,93.99506463410219,84.4155609455156,92.41929261703393,90.8989114332617,94.25980667562595,97.25086614313953,99.87828635288953,104.65921470618886
2016,36,91.90699083936241,90.86427335376119,103.67156453513952,84.84169770033044,99.86693849322566,101.44992771955606,100.48145752435931,101.43512461101163,99.32025738429289
2016,37,103.78612356799604,105.12185309715656,101.21552570755121,110.1180018093813,109.1120449114915,101.57843665320519,94.92451908729667,109.80852432956769,100.65297624541962
2016,38,97.44816831558776,82.73139243066726,86.6412277688298,105.01807593736447,87.9134444322989,103.26997013187547,106.17495064887686,101.19601183784106,110.31411114627323
2016,39,88.84096084732965,109.1567086143109,98.36328406417728,82.06361488292725,105.38228908362845,107.7547536197772,101.33496982184116,111.10451270118864,106.30296360690885
2016,40,107.20426135516227,95.09889960552604,91.91509412187746,90.75051615302114,94.8322703139053,98.7013653710615,98.94390996149632,102.46416736540603,107.86378873159627
2016,41,86.9447456211766,91.84956990115253,96.80694510414236,98.37927199070276,118.33234630434495,104.20732686330156,107.43011442332222,101.57959855528196,99.50657628591945
2016,42,117.38292843422204,92.88874967999952,92.24086826721876,104.3160357596886,94.96026104744203,96.19449783828146,90.19309019340399,101.71666280894198,94.4816716660389
2016,43,69.76660971105433,91.0388927292158,84.00517682383263,104.35902224504687,89.69854710885669,91.88196654603256,101.98188838652639,99.46156093789368,98.05947852922694
2016,44,122.17550021817291,114.58888470508626,87.75062968083091,94.53862755445319,98.250235636412,97.56412190745675,99.19989121308105,99.33506370613603,102.4806057757467
2016,45,89.79536701406512,98.89116429457202,92.22312895337907,104.91003699916584,98.29552891497336,97.92706212497067,101.69172614285098,102.04271863340526,96.14088500358717
2016,46,73.97225796846709,91.86024455467128,78.83904492485888,86.11546105174425,97.17289051811422,94.13576805862162,95.09946216865292,105.21450043861546,97.58437851788385
2016,47,70.58157911353317,77.32972887905814,93.70607354745064,113.2793253654238,96.93846402196985,96.24085038252754,98.95139712424694,93.77538647986935,97.3902545160833
2016,48,98.90216268295414,91.9732780657273,83.4625708614349,86.14771520718125,87.24770359273258,98.26233829550353,97.61584933020144,103.2240697031404,98.89539770505029
2016,49,74.43209039220882,98.81847145068296,88.54887195943262,104.21468504673652,111.05253095550071,98.7036394517744,105.97549170786775,96.70673200727235,96.2941456960987
2016,50,76.36266633745016,99.61146846663269,88.74754524813802,100.89393659346477,105.01917884981191,97.27903213760936,99.69031928642664,111.47043200538455,93.79960961455612
2016,51,132.18282120479782,115.20227242431247,91.67115487999592,99.29833654361383,97.47197510691402,95.4615202907362,98.25270497182748,105.53249845249857,100.1256099324267
2016,52,122.54287308258347,95.47807198025588,116.06991943263209,109.00935494303374,100.63149345195683,95.3788587943635,100.77959864113248,92.76842402727935,96.34575860491044
2017,1,73.25322682114249,112.67930936371316,108.29972325692943,97.90842869526854,111.63136544062962,105.96154546893295,104.2858603433202,103.87956614241982,102.83167363346631
2017,2,89.77229366649605,101.34312375428172,83.12164486637194,88.44711286934306,99.11348214865401,102.01462241581287,100.5261969217085,101.11522796558128,102.34592878292084
2017,3,80.51676564288306,106.50737891079909,89.03026733024136,98.60993819598902,106.89837949640943,91.88397480571999,95.88185417209375,98.20970496831158,97.87206908887012
2017,4,71.84935714988525,112.51445615245,95.06291358714262,80.63700484798888,97.83177130989583,95.80042060663227,105.49444862537996,99.71797121527459,96.88376498479666
2017,5,122.79476003835393,87.58440495765034,105.1830678497956,101.8282978622715,102.3198536100647,103.11445114868332,101.12789054211679,102.8997829077337,100.81449639774398
2017,6,69.67388771730079,112.4159554451777,94.51068224320193,100.95582353108628,97.86181895787836,99.0844284135972,110.24803377407098,100.22470374351293,97.85058100639239
2017,7,99.58274069995231,111.07875727836776,86.0399551379577,101.961407562011,91.76852822108852,102.1515373176999,96.10428091761216,103.66227102367776,97.05494441501133
2017,8,93.76120954776403,103.80416365461149,109.20339314421624,101.58016403668724,106.8518788143385,110.51220623560505,105.34842125146776,101.06836134259787,98.16874616579807
2017,9,97.56717557601138,116.87381355099755,105.87156725699296,83.41510982928467,91.62661600201432,86.767220367311,102.10691826429455,96.69602071911366,99.06175739795464
2017,10,89.02717170967371,100.8591436075807,91.88233254436679,92.23580153732564,94.12881333505253,103.35609547631135,102.50038387493557,90.00793821897811,98.72974826591164
2017,11,124.89925675493288,76.80898263682423,77.95388428395843,102.05410979268976,86.17191005723798,91.12259917760568,101.83481103019463,103.36301914772599,97.07116732063541
2017,12,101.60565496940981,84.18084682413107,84.73454745265734,100.06610074948885,102.61972595607072,99.9854816276876,99.88167782587607,100.91040967778262,95.97149639459269
2017,13,79.05322722205409,98.44977575740953,74.99292740318052,96.15674147841018,100.57727364360434,98.25717247099274,94.01210019512956,103.57357465175032,92.43246753870906
2017,14,125.05018494560134,100.29743186379423,89.3248551395175,94.02342466875412,100.67132664220584,101.73014048286926,97.38136036762069,94.32663282072613,97.91576084199123
2017,15,66.6583293771467,105.06593790654286,105.53527299561856,95.89092282939978,106.22561910852717,94.78592500808236,106.10257860456096,96.79794479915577,83.5502508935394
2017,16,97.24767520227871,109.0233124621753,103.11319573807098,88.35870230077775,94.1013022334345,100.72343227773722,98.39705148780457,99.17372771883424,101.3336685306594
2017,17,119.49928883994276,75.56314958868654,104.96224962965867,105.65142100308076,102.50408531941208,96.58619213498403,102.58893039557486,105.40272041254653,102.91455401954875
2017,18,101.07569999411486,99.92670631022852,78.478395348975,92.66274506145642,103.15003413046963,103.41680615568076,106.59245409506866,99.65688720946235,99.1007136654227
2017,19,64.00946948490888,96.48636462413423,94.67179970547375,86.20927205570422,94.67853904446696,100.27547698856259,101.22227334929421,100.95438624837234,98.27645949041587
2017,20,120.70460447360946,93.28454986035646,98.51191443782025,94.38767625335133,94.70804775827506,93.55150162588878,98.2617509724086,99.21129885225011,99.19638504978927
2017,21,101.42090885645392,88.58669157724705,77.71279056855347,92.30820313051618,84.07213694108736,99.30229115393423,96.91650665820222,98.24559874668893,95.01477949675224
2017,22,98.96722303586967,106.90109776354323,89.29328321204055,89.66773998614545,98.43810166589476,111.07258210569249,99.47483766270341,95.34891006397285,93.27379774984745
2017,23,70.39006782027263,88.97363599302092,96.7987884937955,92.09023686664378,109.74814874843202,104.31391683678495,95.97230278309998,98.53339115956703,100.37920801022508
2017,24,94.15005706047587,95.4624946680772,85.48043541515169,89.14333353821729,100.19840200263937,102.26351678325385,93.92414879210752,101.23794904378968,95.01120766401536
2017,25,73.9994444734318,104.88987615662558,95.04210288535275,86.07261120874729,81.15993790094902,97.98545504259671,92.03912265854211,94.24783707217641,91.54189546594047
2017,26,78.37162271885519,81.53004864945514,101.91050643925914,94.06735692699077,98.65846307581413,94.3104122701872,91.3676513784595,100.54310514303437,100.61816939388723
2017,27,85.68201333363092,85.29196279830853,88.01783802856082,96.3860719529081,93.28293405811627,93.89908933902548,100.53104172376548,97.21517407851674,104.6453058190937
2017,28,83.89822535940019,96.98029001976619,93.73875839728125,94.21893574059979,102.19251268243474,101.74790072558959,100.64480598036565,99.79777896015129,93.35813647638261
2017,29,108.70700094226729,95.73628256368859,77.58382222571831,85.06265328230612,91.54910707740757,97.65943121829538,96.01802924127831,91.97568035234094,104.9488945248527
2017,30,87.23931068809205,89.08160250401357,95.88747990281988,94.14503311573209,99.02458645896442,96.31147628396648,97.59214822840663,99.60725692035678,99.14194890026768
2017,31,56.626824011343224,98.5837385726951,92.51534291088271,96.67723380988484,98.1497395286846,100.18565061039256,87.98015595717708,100.15576982424865,96.70209090937097
2017,32,105.58132378068248,76.42204310687913,87.84919683598457,76.55952473375997,99.71363217422319,102.94239839404536,101.28764446500232,99.29289779907054,91.47304923481919
2017,33,83.90859806717283,99.43284764191161,93.6479233059284,97.15878471701224,95.69931632296806,94.02383438268244,99.98456500165744,92.30375345298619,101.38757296733793
2017,34,104.86832726405531,86.51725261866693,101.97578629951633,98.5342648201392,98.98964999192071,88.70198238966674,87.96992668459548,101.69999835177528,99.80043903216892
2017,35,79.65961602178282,110.43434960053537,101.1198719513823,86.79293143296115,95.50865718581001,96.6781814337155,102.33333640989235,97.63442402214024,99.66117745656501
2017,36,88.08667832680423,95.71406296218917,94.78883046946062,82.17869341382156,103.80299460880495,113.09039630743784,108.52417030347854,100.99123758272823,97.49958206189109
2017,37,91.98685469233693,95.10483418050005,97.52358787650594,100.52156917200728,93.65208848240401,108.31761303855684,98.44828034323947,97.11228530073433,98.05167253225306
2017,38,77.66330005944145,87.8880610158634,98.85016133687556,93.01334258536714,96.02110434554496,106.60654067772357,110.15571332349205,96.24728747381666,92.6719384125071
2017,39,103.56981808865524,89.21737254583117,94.20688694610622,104.59098011025463,93.62799769791576,99.35465644416458,103.29042792223385,98.3217233739844,100.14419957048656
2017,40,93.60387811763862,88.5769609969833,92.08140621859535,91.15422416161339,95.98447769449359,101.68148161447206,95.1373986297726,99.21215590308505,94.17946206852218
2017,41,95.99578032549122,83.21274945310073,80.04830323676022,81.47003669300146,103.47152613534234,108.14370863345249,105.01231429858271,98.18944773503728,102.69894433534202
2017,42,90.6155644826897,87.29415955149895,89.45724082750777,90.86119476945868,85.79199234589949,103.03958079234559,97.38614023164025,105.04687887342104,99.5837059175053
2017,43,100.39516724957456,101.271316200736,87.49217667259961,101.71972190046642,100.86352018758731,91.2903262050649,101.24488378294834,95.52566642957744,98.4717515766471
2017,44,60.89850633392304,90.83531050599464,88.60162460164484,79.66645743723187,99.87550587823583,100.23022414040442,93.10665431123772,95.7005147958428,105.24887086136864
2017,45,97.16420188998589,98.57530783059431,98.27569279134983,92.66880928226034,95.06413593335799,93.90363333466053,86.37763811779924,99.4138853746249,99.7051958545387
2017,46,73.893146177938,92.55300816785879,92.75094066159527,104.45732053264156,93.8175187411596,105.6867990907872,89.42603929640633,98.41776250669562,105.56717503232211
2017,47,132.01767056954333,78.1567321814534,88.10760698000948,91.4780130101146,87.9761683996463,99.94093810365692,95.83460623447367,93.66797628790384,96.23947495480942
2017,48,55.41496953790711,97.31397614443162,99.6141714689115,94.23117949892143,101.33184230226142,96.17671654683771,94.69836149806054,98.93986529790357,98.81950310985403
2017,49,91.29076815099103,105.2576967400495,88.04836545880227,98.37451340461135,96.17204452299445,100.96786216912635,90.19361271151139,95.2067819639082,96.36651659048222
2017,50,138.32438126578643,101.75079747849507,99.04821471917057,98.63308180193893,85.52521867732146,90.82490736476892,95.59069829977138,99.96942691313741,99.64103763222566
2017,51,73.05583964229395,78.05050476338927,93.75981341190648,97.88922060562881,96.98431917511502,91.02945925732922,101.98473377074623,97.45494286581572,97.14416395926825
2017,52,95.30850202813554,97.54731062099503,86.16784766791146,88.09977100337831,100.40768939748621,99.58211105661832,103.3327431946057,89.04248564714436,97.41719272383759
2018,1,106.49939358338753,86.68220502909523,105.86439846347237,90.5070567859215,101.62207515297919,99.38892304150613,97.49894550157227,105.06700143809068,104.87120626261841
2018,2,129.57122900915826,86.25186556095193,95.3741040657893,101.32210770428225,111.29819433133451,91.18165171325447,98.6889284490853,103.36499964394,96.44829190546488
2018,3,99.73793095802328,89.66788498213502,88.68844875149331,88.67046137281743,96.6345951213769,94.37111386559867,97.01225664755462,96.91159401869662,104.90522227153846
2018,4,100.69193274866895,93.61657588269856,91.88233254436679,78.40642610527759,87.34538571045938,85.74856017104833,104.17987923505443,94.40059817656984,97.29705193869556
2018,5,123.82496513756,102.20395811590875,93.07643484783767,93.34201158156422,89.38982116239754,85.15290732356117,100.61749852578666,93.92200365970798,100.08776751251725
2018,6,125.38055662048005,78.10108802528475,89.47295386186855,102.40478084237834,85.95399921567689,94.07700854881462,102.18287668354311,100.55093459575275,103.39717396059385
2018,7,86.15443551128833,70.33935560664058,78.22388831650345,100.94696787543869,95.938326151996,101.57410228476984,103.96338891864092,100.96415811168471,103.51886334560322
2018,8,142.65661184305813,79.97271791492307,78.9068471076211,104.83458383260125,86.81578036530225,100.65058321444857,102.03524365998501,100.08545703145597,100.46595261522779
2018,9,74.21881136641151,81.62727564095947,78.56734281436405,109.04058347663144,96.66758603019701,105.83274100163709,101.14339722938573,104.72345870838086,102.35968503062442
2018,10,107.97105193881424,92.67836837113389,102.92145908939374,92.7348126901481,103.1366583687408,91.86227436084205,104.34777185189006,99.80217965549754,99.55412169220979
2018,11,76.51628779963433,73.46008216916297,87.84943370549011,93.25202014355663,89.7383613292187,101.4954616100391,89.21231762329519,98.02665162108593,103.58269100594104
2018,12,76.49222159551412,111.37230819916479,86.96144172722103,92.43516808188107,93.15751202074125,97.90882788252028,99.12932899071441,97.21783384965067,99.80104060644628
2018,13,101.46796836768334,84.89606551875785,92.81709367727431,91.69606246457725,89.62975875297069,102.85652187443668,96.29928671009506,101.56085967690585,100.68148201858268
2018,14,125.28964871599628,79.49444230190117,83.6354873739129,84.36773512979467,98.01169697209716,86.49475654468388,95.45679887879439,96.76356204470015,91.43515614015368
2018,15,93.82262492701393,91.16666194882683,89.5454817784754,93.51015039144897,104.35341919188485,86.23886446964255,101.60329946148889,105.06962191754266,108.4622409605573
2018,16,138.49964769901558,81.7409128500202,84.09116368177085,102.68026991201825,90.80886547535829,109.12408228760788,93.42456812880584,96.87582033477683,98.78121800638183
2018,17,81.05802550551194,80.43020937103007,81.31696995992378,83.85575240305334,97.26323981951553,91.01635444275922,99.30631399087788,94.86450277443183,94.05600455964922
2018,18,77.42461646681444,98.39235041119467,93.25948054340259,87.99575574182799,95.16591782226037,96.18277400312407,89.74107755010688,101.43147869851843,98.64932211666785
2018,19,98.97589162983826,73.81175903663171,97.8387250024213,90.46895319839723,93.83047672936722,86.73246724302928,100.65975039217032,93.30782641175229,98.64125871158991
2018,20,102.88038573076415,69.73973237554743,87.68584403174758,87.20217762347073,89.73484619630463,87.56334040894401,93.63733651431862,98.11115663244925,93.35099784211125
2018,21,106.7138506477907,104.93026608506561,86.62869135072675,85.5144858375835,83.73160466877732,86.90478616168907,94.32777776389398,103.7834793069278,100.22945460152133
2018,22,88.49668034603873,66.67383335236055,90.86193522489555,90.51146379987468,91.53020779236056,85.24697273885529,105.12869246779586,101.25628202183967,95.79784570452097
2018,23,65.51657363777653,83.0403009038959,81.87771331377496,88.88936015683359,91.96706621653358,99.59889700425808,97.30652723545006,97.59258634804617,99.24342364000303
2018,24,124.40389094299424,62.65847339313927,82.90569495804891,93.75393964150365,82.46978637956006,90.27504003287693,95.95756165868491,97.12735691504736,95.66919997590571
2018,25,113.08000955282517,99.99097384877655,88.36008682210836,91.67154235350316,94.36445413784762,92.07705361261816,94.90536069672444,95.07747433184139,93.42993874256337
2018,26,114.182172456209,81.6496523090924,99.07847753046813,93.22324322197352,89.23243171729881,87.7046096819504,97.35375132842296,105.23903309234568,98.71180915765451
2018,27,85.44488832275056,77.29409039130354,83.69938411750823,95.77517327549862,95.59531697756708,92.77979616216501,96.90932033236511,95.0746951124135,100.44537368753699
2018,28,82.27771679859481,94.64245634912068,101.13937407457291,102.29094218563866,89.94512098471743,96.46513508018522,94.69689128936817,101.0402768885001,107.45935421721775
2018,29,92.19186565107064,90.43850689617389,97.94823887089048,94.40533209739243,103.57617097342231,87.92250438574192,102.52283873544874,98.57959865938756,92.62565108351596
2018,30,113.37173009011833,96.42007485469563,96.16315956773676,95.27262510330979,96.2355627394219,93.7310298964435,103.43673265181516,100.23718301105025,97.75110117827128
2018,31,132.90335162887564,87.66354511199643,99.46187702987588,90.80780669249697,94.81234071768442,90.73516968309944,104.38667732896354,97.47942258598204,106.96388952332224
2018,32,101.55290732357938,82.33590549986054,90.32599491123649,83.86133071780066,101.29359097841848,101.48137552688084,97.88721733908758,97.33971417377025,102.05841079783373
2018,33,106.16512871972283,112.72974108075364,76.6468596140474,95.63061424450754,95.19648510973452,100.92980955254941,98.99115490312582,102.64991464545075,91.13263174324781
2018,34,98.4910791628522,115.15841581038455,87.84653534634275,100.86013941004452,96.16345971949312,88.48443522873146,106.17802223820789,105.89772639634344,98.29292805240513
2018,35,104.93558399739172,92.09341362406612,95.41853966222999,106.4540237498595,106.54850095820466,86.99137013032191,109.39015191984734,94.25930854083065,102.33616818104818
2018,36,111.90008671505618,104.77362641880099,66.56930115638079,86.65152833013065,97.99159357802185,94.43999288654992,93.23354522357079,100.98595887005621,102.82635780246558
2018,37,86.71810216234695,89.60993963418731,78.38560171675645,87.13576822261842,100.71187791958072,97.19351245052997,97.25920027524757,98.01833975938413,93.27527054396278
2018,38,132.99977630658876,85.87863988471801,106.08344939188683,103.11164684845384,91.20239501162271,94.52744897609725,95.87418859314086,108.74449612958085,98.89842741854943
2018,39,115.15030179779377,79.0290529812928,87.78868201636003,90.59164431688217,93.2119705602937,90.35831071784533,98.29680746023568,100.34537883095152,96.24697178318274
2018,40,77.99151748094634,67.45756955669177,97.0110228152579,96.30439771655398,101.14007189256165,102.48222064100018,106.94687054834293,105.81014451150052,109.76718073952347
2018,41,102.48320919937375,101.17553030494983,93.3291885669893,85.93654374488632,104.74917369434212,93.38803035299186,95.68784713144551,97.67347960989248,102.33455794225988
2018,42,82.1073062982548,98.01449493501636,105.67544216910957,96.19604483437476,106.09014149608622,96.18357668696412,97.34531892964729,96.39961403308416,101.53569583061113
2018,43,99.12322952366553,80.99346003381646,86.42496263587974,94.96533791324616,108.80067283372877,109.24827265631909,99.80875646427538,106.93040660970887,99.86186928142806
2018,44,103.5301428695187,97.04146460674085,104.52776438776823,97.91689683494081,94.73127824648445,101.91042589426533,107.68449468744848,104.77894032297104,103.18566583137503
2018,45,120.72695042583254,90.36321094940132,92.30136719684937,90.92675062534724,92.32434421707158,103.66321174568405,95.05787102033368,99.16051982103123,100.8136328908079
2018,46,108.71506169251919,108.57893711030944,102.68299439553141,110.1642450001203,93.30031290123625,94.75906566724484,108.59254833785576,99.30081338397171,99.96778301982687
2018,47,93.8331825419841,97.44837677739527,107.63064161940603,84.32893018292968,85.45827656879942,93.73726198356877,111.4878951704608,103.61247617946951,100.76692557614888
2018,48,110.46736084930926,90.56072808688134,91.51304231032582,91.20513796447237,90.40127949082046,97.45644382756115,95.41277771542221,99.86623351643604,100.81475408792177
2018,49,69.43349407093125,92.24366536912875,91.47321564014543,86.25617113792367,94.02046720732451,103.47664730351767,103.61993753299359,106.51293575526847,103.1590083857888
2018,50,93.6245144940784,76.93638230590713,104.89324643136723,106.85279184719644,100.90652216470242,102.60663238394896,96.08796790071126,93.17448069979359,101.22762522281073
2018,51,103.6345307665402,93.39689973357467,99.55064093525013,97.18893936941825,93.70963477145487,94.91618209711032,103.35585114313932,102.36532148346818,104.47188256466255
2018,52,114.47447858999726,103.98365569481183,91.16236293258245,87.2081741423822,104.14777913108489,97.36508956989076,107.33999789353238,105.6139402231282,98.09046990558676
2019,1,112.21831736527767,117.91012271301737,105.34465008287823,110.97856182668315,98.31950878775402,104.81971221559223,101.65922961775988,104.87775203063066,105.41154164111165
2019,2,111.14049013975264,123.30790471901743,105.88328468414932,103.18522559200885,102.49832211789658,110.67179563875843,101.5931854239169,101.4583998742427,106.05188805135309
2019,3,111.70648267298608,138.0466652634249,102.1725406325973,114.59292500700356,101.96920272143953,99.83029806698524,107.7051294528145,96.14017228393062,101.02050155760946
2019,4,114.78069558432689,95.0454603280081,89.65245609959189,93.98460781427325,114.89917679112548,110.2656804365192,100.57421859517466,104.20934846142838,102.2158695753503
2019,5,148.03026021925518,124.44225878047544,105.3568465529777,104.09697201339566,106.12319761028164,112.06053548864733,101.89180490881384,108.96950108631135,96.7186432097439
2019,6,119.05237835119739,131.47110727915793,105.6804253626709,111.40002856132469,104.99531763114753,120.83107676294544,100.274310783397,99.6441152179407,104.55856627983064
2019,7,136.6367579297822,125.25014491454816,114.90715800972005,99.18655455148547,106.41398417019818,104.36071611525497,110.48487903761153,97.76170390838463,104.15903704204604
2019,8,102.74825098458345,142.33019933211065,110.35190132369286,112.96473309547696,109.53531455064238,99.98553850215008,107.61986139753274,109.0939925187811,103.04472230743255
2019,9,180.77732655036866,114.59180453386149,111.5399868212676,99.6552553746145,100.30223878488891,106.31785264157214,95.66811877779638,101.99846808988322,100.2117488614025
2019,10,113.97686571185976,98.78001808327878,93.77582035193295,111.2795859099869,105.77627371566803,103.46785654895302,107.39935927761479,107.86108426923361,101.58984228927869
2019,11,120.81323953388062,126.66645107006798,101.88968587762157,105.07264751566994,99.92600282473451,108.11803401398458,98.94460487814862,101.94295846318172,95.97414536928271
2019,12,94.38869135511952,145.83643737284754,122.08055945021398,108.62356233983203,98.35847738863119,95.9175680413076,104.24045555746262,98.96456294668103,94.0390807014281
2019,13,128.85558985327964,128.19023703627676,107.44523835420125,98.89780900655722,113.70892695606021,106.50585623963008,99.97302506225778,97.20179807624085,105.11108717022091
2019,14,120.40099196068685,101.69469974317613,99.36132291547477,106.84630822466544,101.46540991130743,99.21134867899057,103.98002351471307,102.38030065552735,104.10235640609251
2019,15,99.88436468698258,99.69706099689357,93.56863672854827,112.19576175868697,102.87664572510155,98.03012432197139,95.17622789054504,95.36558907764629,98.88224953479454
2019,16,73.67122613006944,107.68247917841276,105.99076847369435,104.94679973829084,102.42446761428299,109.38922619301066,107.6367678639657,101.89586819279293,103.07441174371172
2019,17,73.55306705427635,105.66844748790223,111.34642758505207,105.42331542072819,98.74521814489235,97.14810659126714,100.66997424794064,92.34641229218397,98.07761510962746
2019,18,121.29879108744659,95.48956941758007,115.22063369367064,114.36594279571992,105.54845107388505,94.5235510044768,103.97151059379364,97.99068070568867,102.9846599968809
2019,19,125.6390360431867,135.11472688909737,116.99440632742757,102.80118694328078,89.92742059641489,103.49096450175432,105.86665791596384,103.43348200051345,103.39351260294829
2019,20,72.11018233752688,110.17711891784214,119.81781585390667,105.07938279626418,112.30617667067537,111.4687712832989,92.11343186992022,93.02495961372163,103.1756835036622
2019,21,106.62630216929792,104.8758035079868,117.0965292039255,106.32675240611083,102.58553565353097,103.66684291521449,95.4560978571595,103.32994174708658,102.89285026030754
2019,22,58.237747522842184,114.02795015284755,102.1339434110899,116.86525709892763,98.51970873723748,102.57306220172913,106.04151190640172,105.11256759219896,106.4713139622632
2019,23,125.06863978563096,112.38146117299131,107.05650259114053,111.33170583243597,101.89722715822384,97.35565853883207,99.38747288288536,104.27712588524045,99.60112405527057
2019,24,102.52740180830209,125.01427747758282,116.4546283271027,106.39558293121114,105.2683591745047,107.2385492824454,94.04784537867373,105.4611569478743,96.67231331073553
2019,25,110.0658603037914,84.29000424479584,98.55548639440694,127.46320147593843,87.51924275817694,103.42095853319715,106.25897790642382,102.34324108200961,102.86502955259687
2019,26,91.38803270713821,91.3169988685497,97.88827624487,95.20780312783708,97.48416338120506,107.21509904799575,101.12752009864465,101.62722400159277,100.3801341450527
2019,27,101.66525895291146,103.7727115351824,104.31167214812773,95.5095638664096,94.35824517857824,112.27754727338683,93.58081962975888,99.74128023809025,99.6977073676475
2019,28,85.28611727720538,102.87263962457094,92.07942593417722,96.90009462213447,102.6479102492111,83.95047702166791,96.96231534359823,97.82243180965281,95.44155785578464
2019,29,97.38396408368718,107.30776445440564,107.50547933252396,95.73407665465233,96.40359369084747,99.72598061049767,101.3554050295157,106.71814362841796,98.38631467936398
2019,30,129.21982781961333,87.06930264058929,100.66756311581797,100.74678873956529,106.10268293017238,93.69539598007071,96.62597959614826,103.72114580344936,101.44385528080149
2019,31,68.92231832534308,93.60719303632705,107.52646689732572,101.74230108970723,106.70337271103789,104.75378091824534,98.21463396705494,97.08910451315357,98.3741979135259
2019,32,85.5850818104814,94.73020967539578,98.70958325589004,103.0866075219505,99.09921055592666,102.2439983573107,98.97807116518908,104.49399047646142,100.68373820259593
2019,33,105.8463989189461,90.41119948143624,105.19309230210587,112.05518932108849,102.54977765565955,101.77347430628818,103.6169505129765,95.33129162710955,98.26884222650982
2019,34,98.43697668482086,111.95925668720592,91.3452448757252,102.24498517579126,106.85999526643306,107.98999779493855,93.02580156309013,102.72725680731544,105.05202719350947
2019,35,97.01302496965242,111.09588251519527,99.5929781998525,104.84058008785281,96.0024068106308,104.12430269951622,96.02646954311015,99.81642761573235,98.32713809800816
2019,36,130.63356400920173,104.28816324568606,113.97740416380888,120.19773652759696,100.90678577625908,97.84427577156232,101.11571197046261,101.07199845182977,96.45596679037158
2019,37,159.48224068018666,91.60135741205441,117.08319204335498,101.45434508363458,107.19579235610775,100.088538337151,110.05194030473938,99.04498694080132,104.41807954606894
2019,38,111.59844223859305,116.93642705819404,105.977176901279,112.59082540314407,101.62144074045787,97.57162379528705,99.89156218750782,102.53486691245625,104.08039970093894
2019,39,87.087814228094,99.46639447967921,117.25332916897165,102.57030078165583,107.46314526244008,102.49597847229381,94.10535355169087,99.76591562475353,97.42215823710187
2019,40,123.58163803413129,116.6138967962071,123.97431320137142,98.44130649140666,107.08992521746548,99.82777103790183,101.11991895421919,108.32865872167599,96.7036138709266
2019,41,116.59757538814723,100.06730996569706,108.49614922306787,116.16563018337929,97.66741476402078,91.08428808967915,98.81541848928234,97.08194627846828,102.1986996973943
2019,42,90.04418906048325,89.89385070111264,105.96452465767247,107.27937378731166,100.97826249385349,110.61151131110931,106.1347485805697,100.30232125868206,103.51722005128588
2019,43,150.46488014720657,125.45390407623344,111.82691673453118,102.9149053299258,93.89525842402003,94.26305418424197,90.93249490363621,101.26727397567801,100.6318753016163
2019,44,110.99953196975021,81.33196253242369,123.48881099321251,93.152058331563,102.99718591746425,104.13949083384561,98.04271814907997,103.34446016059783,102.96805527106025
2019,45,113.71331128157071,106.28789787452648,108.78000372302692,109.35868588385024,100.81864444801718,89.78538439512825,96.4904641392482,99.67089088802881,102.65047771557936
2019,46,101.86864626320906,94.32068692545812,103.60385475096624,90.46955010730522,106.99670302437848,99.6339831377075,113.62234952223697,93.80130940186433,99.91399743303802
2019,47,122.78577715239851,101.67515629002683,106.07878562775271,86.15708967990005,100.31920516250572,100.71095309225964,100.72952392830669,101.0249845802482,102.85706776742751
2019,48,129.8096620627378,114.0633145791769,112.47137946713973,100.36728636107448,118.09803864166248,115.30713330563158,97.61169200297589,96.05499343542202,99.5940763662172
2019,49,150.01773851425085,121.05659431036085,95.40997199097343,95.64549445349702,94.94972641459357,90.90099973917057,91.79969347759312,97.32264871110164,100.95217822421674
2019,50,106.7922320909044,103.35720892635827,88.20599028530839,103.78914976372782,114.46028326647763,100.46517949526846,99.95350482680773,94.99732548286393,92.89849089182235
2019,51,122.27217504787455,89.70272569968569,113.26578154921958,109.57116903598954,104.45082761478824,98.31921076710763,97.0680002579096,102.61490203666072,98.98586899721157
2019,52,119.5039462120838,111.78422639488979,109.16637665783297,98.85633169501547,96.99609558130814,95.5320627137575,99.93953319423117,103.4579697294559,100.12347751445326
2020,1,118.46010949600509,90.24738747401095,95.66673519227493,115.60424824969535,111.2146217094787,107.40794646889135,104.4935432065999,99.74880016064895,104.19564990539094
2020,2,80.18721438047798,102.19993956111466,114.95047574610852,105.54104668489357,85.63703958935592,97.09667539189635,103.794165094319,105.63860183768622,97.72836443170803
2020,3,89.17770159265366,122.00960155257168,100.38369343278077,107.0345249404812,97.34631811605092,85.00915573929908,95.51507115860053,105.83983985268249,98.85288483451905
2020,4,131.77858522477555,85.56457042763779,90.96163331117143,87.00947317998865,96.43824037975709,90.53715741859568,94.74625864845999,108.37738949148294,99.77473865394326
2020,5,71.92149810703933,119.98831677095707,104.06391839167213,111.09989887673675,98.6187510865261,94.79169431981835,96.13037984546514,95.8904860143775,101.06518256007553
2020,6,111.98883771529371,97.93168915268792,98.58053777245195,98.83277462205251,105.86262041701615,91.17959251825802,93.80914850189225,96.0328926366832,98.30296043957296
2020,7,97.30118851497352,93.8250124365291,105.85942753079036,89.09453735460214,104.39900536610271,100.37230829736504,93.4428118230269,97.72707999975745,94.73167331211046
2020,8,96.02379388807536,95.92656206410807,101.19189385213225,91.11381620038401,95.89744524413486,92.38887455678096,91.29570098120729,102.16883548954323,98.6021060773297
2020,9,118.51251190769439,126.8621610887718,103.53137235960652,94.0786482547612,96.45525918146362,107.95005049768662,86.54345380044083,101.59820387114624,100.68676122413942
2020,10,69.21625929831524,114.14864547045403,87.67604171164442,95.16511538399565,88.86289431731421,103.89924833756112,88.66029536150131,93.19691556524377,97.29144516933891
2020,11,83.619245723856,93.33888308721106,111.03681615520173,102.69644547612849,102.21703797111145,90.58060900285267,103.54261784139776,96.0948839496,102.22245861881049
2020,12,122.99554852088899,78.37165268906281,117.17137873737882,94.00482322536851,98.38130459623493,105.96826960201425,97.05352810142924,101.13854609024659,101.41179695092717
2020,13,79.09205367537714,90.03871148915097,112.57841091921527,98.71951681266862,100.88705333620655,90.39708430221326,101.85507161953504,90.98544045444112,95.23310725653296
2020,14,87.85171750365996,104.9641078589532,113.15293880750008,109.40130214276105,89.27505834489817,102.97087079830266,104.01117719504329,102.88542575409699,104.83439965613208
2020,15,91.63248143784162,105.56444261559143,111.96690403925027,104.84467104959296,94.45965620599826,104.27537703539728,109.07515596265537,102.311180813565,108.67437030107558
2020,16,70.10208168836893,100.64281047455846,102.63973198163563,104.03749593018603,112.12496766111397,94.05583998054055,100.57409617526159,96.92424219813978,94.40174110223028
2020,17,105.06201434483502,122.14627437052981,107.53383399330023,104.34323321583909,102.01408423601488,101.89882172954177,101.82627681075893,95.8932282657688,100.3379043989306
2020,18,67.46029628345643,89.75798539548583,86.00657253773733,97.52287618090793,96.46682771241937,103.01381482278667,96.9839726156312,105.81460206958728,99.88659727081671
2020,19,83.26209841986106,94.88188058515034,94.48214284622762,102.81201693232518,109.34456954363068,106.10279669341789,95.80026152440007,102.84379026995455,98.45554571550463
2020,20,91.79148451568173,103.78813991320264,100.66103042800583,117.16021662359306,106.13021254681342,106.24138069263778,105.23015320375704,103.56888622173803,100.09871672261788
2020,21,108.82872482534607,64.23767706296537,93.74636061902521,112.44048579572909,100.704312151039,103.61448376701243,99.15283652643943,97.77888978164057,100.69686385871304
2020,22,94.72790115667274,109.87984337502448,100.22042099224163,97.8828457066747,94.47791912087933,97.2157271589203,97.97594792910877,93.1372118992988,103.20596708645327
2020,23,105.66061234094167,79.68545216438895,105.41746735449236,98.74965390996577,103.26662455119326,96.37969523974222,106.65729408438966,100.12426396272132,98.37758519422638
2020,24,96.96200772521836,109.7509346591522,90.98199905820417,110.97468922047717,95.08996877549721,93.89184731896181,107.80041312750706,97.33246788756146,101.4356188637255
2020,25,97.42472927348146,119.2928523126666,97.5135691250123,89.24614844131811,103.93462618573122,102.96589734972355,94.66688708931211,94.52873542843152,105.45420783681591
2020,26,92.48699121125604,99.63802201337208,104.79673497935029,102.00837030626364,104.63200696477895,105.43744058008284,105.24110003901153,94.41419230258713,100.96452028145677
2020,27,114.28829252969021,93.21235188823468,120.21075413606381,114.09701485455453,106.96846631768216,104.53871406255261,103.72341996281575,103.91991638179256,99.06941123750396
2020,28,112.85262439530325,100.07662611074655,97.12674695899751,99.78740112255485,112.44589667915767,107.18565668612298,101.95761453400019,102.23195437041844,99.82689397001165
2020,29,109.57343248874969,95.60968285746577,113.80182326018573,108.19451045368582,106.079616043953,105.52431608137938,101.97010671648165,99.00743505008064,99.70637103818964
2020,30,81.102576383203,78.42101794488954,106.5890348702041,94.85588893052872,102.60077293009154,99.45174078562682,92.21630524511046,101.47717315303,96.80023911501698
2020,31,89.07161084093295,83.03916370642513,91.83753161144239,95.50558021640343,96.22402969641189,95.6227473580977,101.41237237269019,99.24053607539989,95.77937763739848
2020,32,88.20714589623215,100.1914455839612,100.00354941649523,110.77174983708042,95.65175662725031,95.09578132351864,93.90563705511398,87.65629218128069,103.8592198536791
2020,33,86.47798118181629,95.36120303896422,115.13069483870628,93.30815196333103,106.50580961059426,92.13540287209176,95.48939444205853,101.43019486174632,102.89349993211987
2020,34,96.77771968058505,99.48802237880302,109.55976640445775,96.80740597868083,105.21554933298782,94.59421199625551,97.81096730836468,94.55876280174837,99.01505510946029
2020,35,97.06453229304792,122.94471824575639,111.86248347879761,101.77334084835414,102.54451019194208,102.68599406047483,100.67486903578657,103.69132520305284,98.22771663334366
2020,36,67.73406860661834,104.2640182563594,116.40556970936669,97.45753406951387,108.0421209334748,94.93601840741836,92.726018938481,100.8412821069045,102.47937088594585
2020,37,97.41762856733082,113.1218727730313,108.58450976127241,100.24085598704364,92.15103579633505,94.9318906252137,90.39183259994564,99.41165715064533,99.48461179747756
2020,38,95.53761809945827,123.20029740799679,112.09511705830069,103.8579293113652,109.87826956878739,96.77878170383943,96.83972355293466,99.79347436062143,99.66395861407463
2020,39,91.38509062938623,104.57564330562808,106.51885398774303,105.09577406924305,95.40275004534968,99.80290828551473,101.95401685553007,93.75974423580725,95.13133663820187
2020,40,88.70184434856566,108.29163562981981,103.20261678786476,100.96375219959386,108.45538343579544,96.6190289860876,102.39191568837798,90.25464433982475,97.15423057240123
2020,41,80.60427759974672,109.7924976866396,105.82758190629167,110.06972795806831,91.19194033060847,101.12001149115326,99.33433651424768,100.90166835239043,97.83114266561626
2020,42,106.22219100066286,129.18288390198265,106.08280264390291,102.34343256437081,105.54880269491022,94.51628868649,102.12379380708263,98.44409721422807,96.64463234654913
2020,43,90.94341987911857,96.25149344688296,99.27661588222428,110.34062487277028,103.92189639231934,102.09896290443142,102.48718786469735,97.84256804652189,100.07361944382069
2020,44,99.35878430407989,84.43401263331245,104.31788454628742,113.30431353157186,104.68642386956813,106.87811045424954,106.84258106197014,101.96129294355714,92.1502475172107
2020,45,112.06355071610675,111.57833430692388,98.59737697484276,95.37772909641573,108.12448563244736,108.1656488343015,110.88281316417168,100.30332727228695,99.58084470100866
2020,46,115.05747199205551,127.84811967908334,107.02998825224965,114.55992953289493,106.20562969784831,109.92466551476797,97.83517190564585,102.5827614494424,96.65910277099358
2020,47,106.05332402358304,125.54000153553527,112.1896735907475,115.21257217743461,113.24694455607197,107.12968369500446,97.40916321628616,104.5530076545479,105.06973606658643
2020,48,106.73108120225596,115.07665353347403,113.38430098274699,122.71237966367255,106.46956145844293,94.25168019108531,108.1942833594441,104.61198815721022,100.30927203723266
2020,49,104.78396780499368,100.77026308957657,111.21257620706548,107.16246138048078,101.24250696862111,107.11424531187268,105.48441890927774,106.47332689604036,101.16998623715419
2020,50,96.24191286315832,119.64687228424751,123.26138925844418,97.9390384806752,104.88829312405421,105.60082135895756,100.39200796300119,100.67294405162298,106.51219211051762
2020,51,121.80989358786,147.52996770720114,110.63329227215655,107.90686529725433,104.13616604380145,101.9706609679822,100.04594515356983,99.89295701393051,100.67609590785673
2020,52,85.9254426508868,100.89292224821122,107.0598952527183,112.04293595931011,101.75513292190095,107.0937102726919,98.9344989954737,100.07062508377527,103.67011647223676
2020,53,103.85927592120527,105.7965697268233,103.66727375786367,110.08922555715282,98.71554739307089,105.72048270070829,102.08030407388031,100.67626912640975,99.15693371852575
2021,1,53.262481581057166,115.0068806095918,114.42296608760967,114.83994033691305,97.43089145601154,120.66680927483375,108.42443587517646,101.3343061186161,98.23219166198382
2021,2,64.98104603906768,112.41738421530043,96.88341334659694,117.7626970646874,111.28489553937304,121.82268690819376,103.86760152838109,108.88637945350253,98.5633475749231
2021,3,84.35785466295224,118.16979144594319,101.21912414123464,123.88076038361947,91.5268989149501,107.98939106066572,96.7205309933934,104.604499756954,103.6846622883344
2021,4,97.32928082802198,89.63917665742558,116.84056304651085,95.24186891066702,98.86747652563706,111.0616016580736,117.97513364487901,103.86253975804063,101.66708824310437
2021,5,84.98026740550581,148.70212765672292,103.44913167025838,117.7058179136882,108.72422155817067,106.93784905798181,111.72645923389462,107.64856194083268,92.45109256296054
2021,6,108.78245827850712,142.9776657512406,120.01157641126056,106.67731348771392,104.12361374787369,107.20514316790491,109.65014175435444,98.98192140938244,91.943875087531
2021,7,96.11036877663206,91.59217882194334,111.18808601846266,109.68277893926339,106.74421315821117,119.0546443997263,113.73236836559089,101.31562295947043,97.65587565386637
2021,8,102.26234417004414,131.12730949600729,115.55539085946569,117.86276725933817,112.54766602763138,126.12349064177198,98.97914171544657,104.81240786171723,96.94306490478408
2021,9,123.1407917125763,104.64603393454534,113.46033404297225,97.13759549074629,96.72449156572569,98.70467928313307,101.1256590238669,104.71400331152039,102.01557805043124
2021,10,104.36680050495848,96.2066157973031,105.5091349897375,101.13096933119772,108.66133284565251,112.47376606272756,102.74843087426007,99.29475256509656,95.83638667977242
2021,11,96.52521851093833,98.12985281815459,97.36514893526659,105.84292489088065,100.41462428295178,101.85566456176025,100.44995473651714,102.77723121965454,95.6718745798847
2021,12,71.71406887765326,114.8365747404083,95.63303250105419,101.18886256175162,112.10844622265894,106.79373718150393,100.97357511943503,98.97736629530652,95.26479438968892
2021,13,109.43341785455631,117.28261584378221,132.47379364221524,111.08766947638881,102.70684190327006,111.28696334019124,107.05345326010458,94.1827461712024,97.47363535275159
2021,14,102.19305291828363,114.52241596858408,100.39094897448486,114.15471401381751,110.07173229218775,111.94118949144003,113.87047421724064,92.89094099591227,98.83119517838672
2021,15,96.02794801993589,99.289593107789,103.0305363594072,103.72029267442156,113.47035862876228,107.60436902467627,105.62203332268038,98.60821566881745,94.66585045407953
2021,16,113.06689228577254,97.20977759319787,85.83173340235814,114.37954579265839,91.34495472845596,92.17855031086984,95.88197845410133,96.24810744287205,96.59797155971917
2021,17,117.5272414574194,115.46648562641538,115.99665434402517,105.15432512948819,106.4387523441658,105.49953576456465,114.40378558405438,95.72965866072664,98.6541017489439
2021,18,109.78814359969154,96.54987104627251,99.72347290356701,115.32285699177972,104.94762845191818,110.68021333911666,107.10574645059592,89.18218239525928,102.51047534440234
2021,19,81.97638209890366,109.91065437242888,91.67879019353875,116.22127559600348,106.74280833877667,104.51913571640495,103.70105194437929,97.83771319448566,96.42439233395426
2021,20,91.76572499414132,149.9840431410447,123.47364659631306,103.15166175906043,97.84666395392343,113.67013283371215,102.02700379456728,93.77992587444331,92.72479111347874
2021,21,83.12034539928973,115.24455447217477,113.21254819686261,115.27493159804484,97.00911425622598,105.28903335365816,96.98281657748842,102.4793506982693,91.91703566141047
2021,22,89.76608755051025,97.13001518727098,110.59043329035192,115.66416593864662,106.29899791340492,110.0411110263968,109.35051610958327,88.6681695451286,101.57034046686353
2021,23,78.36653248940779,110.00194980108915,107.97285209123916,102.84446274715977,107.31848791719104,108.49729181776904,89.68436591148445,99.31649043105878,91.30545214121545
2021,24,96.41808697354148,111.9579596007013,110.10061954836044,116.29182610699493,104.41216402251612,104.67343532262193,105.4986586848871,87.26022297006486,91.01046297172903
2021,25,135.2677690073007,118.98545549879664,124.81107021858833,127.72312120067784,113.23986212108301,121.39029549704759,104.83895330139022,96.9471865147336,84.10144093052556
2021,26,106.87252055772392,112.04407152376112,123.89492951850048,117.83539696198648,122.38707672555793,133.3753649561124,104.64534546097796,97.45604594621985,89.85588140650978
2021,27,115.84801461064428,110.6200582017044,112.63916481472079,116.48343385945633,111.87335924083241,113.10785385572608,101.55009170048221,94.4264854867208,84.07979099000337
2021,28,114.57530798626705,123.80010313874337,113.53331958496074,108.21685800589556,113.96797754885624,114.2865243716811,105.38085451829954,95.09138480853723,82.94941060418411
2021,29,72.18384365900009,97.54412677459588,118.54543814608063,115.89556467766909,112.81430773862996,114.99655135234799,100.3468212067666,89.8940008802259,81.32810751720562
2021,30,89.08088708528147,115.45408663981598,126.03350891753995,113.38721148978614,113.52508676250801,112.18110074281012,98.1325955257567,92.11196638936899,82.52440619111225
2021,31,116.04446000403081,117.65003712495006,98.81948440730949,105.6003473445947,100.69955369680133,107.26824891369104,95.06048799470776,84.38855219384834,81.04272891617192
2021,32,90.65089236581012,93.76192274728261,99.42558902085608,116.49354676960975,108.00899159433473,102.8487193501219,93.55030692462142,88.64572535987695,82.10346288139016
2021,33,89.49684364413243,116.17868918310461,113.27637791126679,128.30816286201002,119.71275326620889,114.86910134903698,103.72307758974715,87.50754658347645,84.76605772986879
2021,34,91.22011139361383,116.82643408480682,128.73583947948046,117.36900713828122,117.7679975788968,117.19663002440038,101.30426432313425,85.40561437926024,82.47436481356193
2021,35,87.14860043126632,122.69280863219711,115.35935276923546,112.20139407280148,108.93461033106587,109.3007027500273,105.15361740577835,80.20366498946485,87.05167076761832
2021,36,91.93226494664472,92.53462290540556,117.64446702983871,122.16612662313983,110.83757500661855,108.39234066604118,91.38316119915092,87.69929285278533,86.3503924046132
2021,37,74.10821871893674,103.89012939811467,124.47730655385453,114.93345826221764,107.79722649636807,111.46236314827047,99.91654605927958,91.87105392303282,81.31583479314138
2021,38,110.70182016468546,112.91198008444614,125.56902123561551,100.54891900739335,99.86070716745226,100.9707045505116,103.87587328123604,87.71453645922642,83.84107409237333
2021,39,84.61958132273793,80.8939158419392,108.94533369893355,115.49428722351726,98.24684423668319,102.88271720483225,96.08712201963758,88.9631410335059,77.6591344567666
2021,40,131.24095726873833,98.93972521695306,108.77497028025735,105.09776145909714,118.16043930576538,106.93479084660645,98.39674058571349,82.07553675225206,77.19599746734363
2021,41,115.71481249338089,123.81820075330987,126.10173582165227,132.67244335270993,114.37732730651355,105.22928152225641,99.22965330452172,87.98351296815538,77.37000172014784
2021,42,103.13920025822325,100.46690110538972,120.70995559198667,119.88351545310545,117.76648998597881,107.13269369816567,101.63992939350051,85.13072384239425,76.31099865881957
2021,43,107.04190117794651,126.57519761205116,108.44522526555065,107.53711528887713,110.52703236045022,103.03994693060588,100.24177469816802,74.95480695569802,79.20315486417448
2021,44,83.61703108459623,109.49945214920646,117.81190021513702,118.17151282812523,104.456639997433,105.81689549677978,98.06541843917459,83.79650164519917,72.92724885484961
2021,45,128.80757754305873,106.46202519321652,115.6462273215626,128.69167687934885,107.15486086297679,111.17854026515315,101.70783536682369,93.8898977039172,78.89783393469895
2021,46,80.04252953162363,131.0315431945839,111.75782858568621,134.32041602448837,111.35480513570141,106.41654649654033,106.56386344291428,84.90468493578469,79.0238366061972
2021,47,90.49962514524647,153.90931537670832,114.08648868777829,105.96032673784192,102.07253335806186,99.90207910439064,108.82796821151595,84.94651187029535,80.3577565212263
2021,48,121.36538086248214,109.71543242672026,99.53678988124999,107.85967641554161,118.88472051518144,108.46177937182533,102.49664834468912,83.88976460857187,85.58153150564695
2021,49,76.4805451351229,126.5851086598156,102.5578763829153,106.9124862668532,104.51526459908396,110.14406307292408,89.33041255454582,86.31883236028281,83.93098293670691
2021,50,76.70277168505926,105.6029394355936,102.74800720651098,118.32249652560056,100.61010321725573,104.726391333297,99.92611973183811,92.05799345813746,86.49768852467353
2021,51,83.9609402929348,140.73518746765546,127.49471413046167,108.32252123782379,95.81922251255183,110.19007062638917,108.22836498358794,99.40126592793342,95.78832189407836
2021,52,104.94685226472131,127.69180899720061,118.99506278701826,126.44474271328406,120.16593725853362,107.34076900746021,116.13770089421203,86.66986822573509,90.64778927131546
2022,1,87.07067802412607,123.8149195611525,124.50719892175177,124.90661429776098,106.56259571008275,117.42776565641475,112.84438038711085,99.28430310087774,91.75386862716594
2022,2,81.06034989516252,109.61026413769947,111.04167107768302,106.1932266613257,114.30774325409784,119.77202111892917,103.75429590446556,96.52087239430259,90.90254810233165
2022,3,93.4862918358195,104.29880076539555,110.13251106174866,108.10133682487387,110.5268233292903,108.54730402147352,106.8133694961389,88.94993755197524,88.7816426175104
2022,4,108.9795012496724,116.65316640451906,97.80654712581413,85.7994882890078,111.504062334326,106.32467017094443,113.51283259390486,93.88608505054802,93.4472123244301
2022,5,73.94811039695628,128.5742609863506,123.89949620815173,114.879977067725,108.83920167331766,119.39392345721222,115.56401689174278,91.8473006969205,96.7442918725226
2022,6,107.74999147399902,171.27997152231364,108.43595161588011,113.15547613346308,108.89893248277933,104.77252406494311,101.32340691712275,88.66180776639528,92.33139694015551
2022,7,71.60330931638718,131.24347954354926,101.53380218560098,134.9439552054318,115.53075945061502,118.46714117300907,119.17873236918126,101.0974003890617,94.12587773742574
2022,8,255.12803337803024,267.60553842994545,185.1875771649765,131.1881967518337,112.01341830264313,113.99393827422813,114.40566859819397,93.3867906474357,99.38197733573378
2022,9,364.52081123297984,328.0993867118548,181.19001686871005,153.68050406071248,125.83021674291936,110.44079281289663,107.3743063848765,97.66281344725115,105.36404240513835
2022,10,382.2734945144709,261.6036048553901,173.84266955154638,145.17940016565348,115.38076092007054,117.25592860402574,113.97602545440138,98.34041114663916,94.41474800952689
2022,11,237.81331887351587,189.1596183040656,128.48256404868482,129.13768828329938,107.43188826421768,116.16956960522768,108.26047112232247,98.43230962064395,94.91735852471598
2022,12,361.354780189328,227.58946256318347,127.7207456882913,139.24747824680793,110.61133595207605,112.95229200350015,104.62216282344929,103.81276712844544,105.28299881913404
2022,13,326.59625634296737,197.016716931706,172.2150132139888,111.84945067456921,112.18115195011491,113.1977370965298,125.88392137738566,92.99584709691557,100.94309004072659
2022,14,164.66284161987303,142.34958427132207,133.8218012108776,154.77636621577182,120.43788316822395,118.4943635469699,114.34266069517669,88.55752086833512,97.05276592103972
2022,15,173.2611110496437,190.7309799498464,132.7053771528361,112.69943029135779,114.16408879972488,115.24962446753302,105.62511102383098,99.83467930815951,98.95102293542212
2022,16,265.07007493709744,199.59092767885465,133.55777019024922,124.4700355219522,109.26028884999917,110.49922205404489,111.84468863732602,99.92578563709797,97.0530123296824
2022,17,240.39477773285594,195.35412127570754,143.51396241089998,116.99633750285547,106.86486667820358,111.47988262147912,117.16745089695928,93.36839594996275,97.88801833530218
2022,18,175.53963001494947,181.88544921573467,141.33475589811545,129.0324458064185,104.40265399803374,118.91230208501158,106.77098502022808,99.30819877179803,99.57749007870578
2022,19,166.42756748862456,168.33936122187748,124.88751486754941,105.76474138284173,105.32277409317297,103.50882133955572,102.8532013675814,92.31981644996708,99.65674296665905
2022,20,260.43240483217863,174.3507312132788,171.75415781540394,122.13828906837117,104.08584551387084,111.05696925082054,108.43858968117293,96.48089853191817,89.23731764566864
2022,21,151.70370627707626,196.08400689706323,140.89184415958147,111.4736587088186,103.0779686661712,110.49479300756548,113.87950601016057,97.79077332022041,101.6231642629913
2022,22,152.6487732427151,172.6231659327189,126.19016153334748,141.46152675445845,115.78109783327581,98.23255110881456,103.115392789138,94.31786597480948,98.8301730582977
2022,23,160.226477048717,149.78413963236946,118.14612725955655,109.00237296915316,99.93728030519225,113.52200380343298,106.03013877808493,99.47258863210382,100.16965227160068
2022,24,152.50299679324854,132.50150633388046,118.24334090987942,119.24410993682302,101.15979749550614,117.79173368064941,101.21055392664692,95.10044803610609,100.49516955831197
2022,25,185.83129267137087,156.8890849129713,106.97170368661276,125.63877333717863,111.19240296465797,106.34829405393273,108.11971081361997,99.46956650594882,93.62495669909163
2022,26,136.68891213361064,130.02532153071456,141.71920784853327,122.77464313347764,105.25948740910889,123.98391393352419,115.87945232018448,98.47886699524486,92.12825892233752
2022,27,194.9278194930656,149.05134145951666,118.85209172025138,116.16293600217418,117.6610783749468,115.3033109582091,99.90262894589277,95.49179234440983,99.44876079246163
2022,28,146.458755208298,141.02859114823775,133.53342231333392,100.26843239677012,112.03306148966794,106.93352755513831,103.11366845456409,100.53520154046947,100.69148862828419
2022,29,95.66479861348957,121.10234995727247,126.36907448135781,121.70954937043268,117.85914094854446,102.3694786685033,102.8544230786669,88.15611532936758,99.75148044175054
2022,30,94.1820935880267,129.68873586071769,100.90603438272115,103.86752466260303,111.59726590083967,123.33444469169041,103.50990986097992,95.3114593470043,100.12200725460691
2022,31,96.65825115365139,99.48688227002937,122.79891582078224,129.84307258851996,103.14031035015799,113.445385265461,111.21321653887817,99.49533862085586,98.81914025549428
2022,32,106.88877675262343,122.24334780942354,122.46534602941314,116.23371766791712,110.09905523759522,113.8770300363419,96.8017477926841,97.33439827550954,102.35188758841784
2022,33,165.1732975766771,104.64771692917564,132.10271850895253,115.73442964708245,108.62890556692004,119.29125973269974,110.99342887139932,85.85955202333936,96.16782094266466
2022,34,80.99623137385609,139.79860756711173,117.47392744885181,124.78225005488821,108.4824177780344,125.39916926950501,106.68821342870554,96.16200196884013,99.45197818715774
2022,35,172.3174214793449,224.3745568227552,143.64946471683223,121.60807774057866,111.88561586650899,120.23491870163363,117.92241804551087,93.20752657800506,90.80164266039344
2022,36,205.66809651091683,177.3912565711508,116.57540622642841,138.07193507108838,114.13583339296925,110.6358053847758,107.77382128988442,93.66424695757057,105.01848752123315
2022,37,153.12152024008265,164.0375226477865,125.17834019904966,127.82743335080455,101.58219263612307,123.55395557016993,122.62502175726091,95.86219792787304,99.72435785919454
2022,38,195.191448506533,155.2157512307111,150.33089209987074,138.16851597681548,122.69433207178302,127.8499819869579,105.19317992980721,96.33354811571245,93.31194024250449
2022,39,234.2036608220366,188.5894921776916,146.73836369988646,121.73061957094498,118.77334422717449,111.77731152194796,114.7724409902177,89.08438305715379,98.66107997511975
2022,40,201.49299114815733,205.2426296294832,162.5345235912824,134.4715280695644,126.18624518212232,108.72686958574604,114.25186834021666,94.6370145538662,91.1530406036939
2022,41,203.03385192712952,148.9296717920425,131.65249682104655,133.6097373124707,136.2199971290902,122.53828553723449,103.17994135479147,105.45043185660757,97.21336054890942
2022,42,172.18547533077924,221.6758954182792,137.99432961915682,134.08286220549545,125.53818538413984,123.8650895179536,104.70628374551319,92.84426665089994,102.59706560798475
2022,43,204.0759156120756,206.62797058347158,162.10035372004353,137.5517794955173,117.42927280031445,122.95255143476291,105.66590121477898,91.0077656094774,101.26234033984557
2022,44,219.20187828119978,262.8742010324078,145.28022609324415,150.81698376085328,133.1448544236278,112.7471178775344,109.39047475833839,101.63594649702326,98.49210870357848
2022,45,237.58332473929323,210.21691359647969,171.05792761099806,142.9079432395221,132.03155742667803,121.88638049763625,108.13101521013857,105.1414212007337,97.85145661886341
2022,46,143.71825283479845,237.11987667721917,166.82977912611767,158.20085507330654,116.53390398163003,112.34726336533159,118.0670841917972,106.01671546446904,103.85873993678369
2022,47,160.19054664334945,163.97261654127524,108.2497520972529,125.3929407447722,119.9584420464737,110.1266306726657,121.48611951446509,94.16248541082199,104.43794318376372
2022,48,122.57897504124733,190.2968257601724,170.78148924138003,131.67032696154592,124.9975797421936,123.04020750018654,111.61586433550286,103.20972893329392,108.74172306433239
2022,49,156.27851027940997,233.53219149566078,185.70201554860847,154.93414751948495,134.05985166810365,132.7491141089047,116.82629408472481,104.83074011230941,109.99297575781395
2022,50,129.07998767884916,226.8392941190195,133.56161369702664,144.828696371131,132.29317118702983,126.56834621173638,124.6284170158929,106.65888066334743,107.28271489842317
2022,51,166.6767638577201,209.9308588911217,167.39041870063883,139.7214913511903,142.12884331663255,132.56041163134677,127.4008392127031,100.8487316677989,107.75756213732282
2022,52,204.60993239884928,308.84278042068365,171.81508582831165,171.4111904266926,150.24714336480784,145.15511730960185,121.55464617344074,112.17334430845331,98.57632337081456
2023,1,95.69543422613953,196.7751988038751,200.4294958335895,159.45776494991733,119.77930662992358,133.23006950666166,139.0415511422845,105.80527575692508,108.16858853978401
2023,2,123.01065614149557,244.40563072162246,150.9099637565913,151.3567392326181,120.93748534210998,155.6711682337725,118.17933077601528,106.2997552979296,110.56453852935147
2023,3,137.3900245691832,201.6396211040258,152.96033170718098,188.3964813302828,135.37386084280718,130.25096194072069,113.81627003912882,105.0519284747569,102.34416909671032
2023,4,175.2220997997239,236.67345604975526,176.7852758482026,166.6386461514587,142.52617829263372,131.72005736986873,135.92482984558657,112.20523793495092,97.3114901367605
2023,5,194.3174596714593,280.3274190072144,226.2533104089927,157.9198241179229,156.07229257810656,134.19390256590572,114.92289898151809,104.93292382124876,101.43828331107731
2023,6,205.24310019314592,233.78984295514238,178.9848672500958,194.08084097451723,142.95795869981228,150.54675989096148,145.04761388654444,94.41511344520627,96.74172097345891
2023,7,137.45894196153517,276.021002694432,167.33205463721652,149.42906851708005,151.7123732339121,161.4803989683662,125.81054437510215,99.73255391291505,102.11528140593744
2023,8,154.32888450174121,194.49132880419674,163.05457857808003,167.25585969148958,139.54500683104214,136.3736085778844,119.90318069291726,104.58240463515982,109.40361243623778
2023,9,190.5636939336701,264.63010361316674,183.08281012958085,157.5215437325348,141.66859262114681,142.2206264073452,116.75665550148726,108.12569335161395,104.37652941991627
2023,10,113.65797348243906,185.91309061512607,159.688669366661,125.99642148340394,136.30716255009213,140.08324261462337,135.1444242512738,100.54898364362982,102.03307632502654
2023,11,115.23451710339828,169.13045206114862,193.3250092961543,158.12832458544983,148.44609392627262,142.09057497532902,129.06170964682477,93.9143698333283,107.49318797605628
2023,12,148.5766467708694,220.01140468430816,156.20735170324275,190.33110668359552,131.13826742710162,142.05902183763646,114.71640984979412,114.77781544854864,107.82226159071165
2023,13,91.60819089709113,193.3798861748233,138.95631006312846,155.52022020678066,133.9956041043849,160.3466609237308,124.04200332463627,100.62788888010455,97.48419501627751
2023,14,124.198589784785,194.19042178304653,144.2782110344631,160.14208223742813,146.87275382192385,126.12010257686335,124.15299889133952,102.4002370760885,104.96007868591113
2023,15,122.8452051329195,109.5418389861899,132.88364477781255,123.9509317579675,131.78245326066212,150.62907870111687,112.41128972903853,99.3459742973677,108.68971393925698
2023,16,98.8517599814007,135.21675598864596,134.52702583520107,132.81933175943806,133.08073041256924,157.3395307306009,113.64803391838376,96.68286841935304,113.59656103610072
2023,17,138.25306221680736,139.67658929067693,152.78011046113966,151.89736750332915,106.16344412195382,124.15307339638557,116.25147379206089,99.9199347804889,97.27965808038856
2023,18,80.7080441036638,84.65531064077366,105.96532506103055,129.50671626272606,133.6566147877977,130.6049360828801,129.74473485081688,96.621002834653,108.66673067377678
2023,19,81.20565851060812,127.5301748771074,129.83360957012758,106.31522423014424,144.56178388419553,130.69597969053316,132.54978140659705,90.88515691650333,86.0466910460752
2023,20,89.83221891835977,175.0072553198008,107.43695891669857,145.38974023746795,117.66015584527727,109.66644777217509,128.50079820330274,90.91303434940883,95.0348220332034
